{"type":"FeatureCollection","features":[{"type":"Feature","properties":{"id":"0001","n":"","dep":"AMAZONAS","prov":"BAGUA","dist":"ARAMANGO","sec":"Público","tipo":"Mixto","pu":40,"ei":"Bajo","em":"Muy Alto","di":"Bajo","dm":"Muy Alto","dd":"Medio","ds":"Sí","niv":3},"geometry":{"type":"Point","coordinates":[-78.43725,-5.4178]}},{"type":"Feature","properties":{"id":"0002","n":"MERCADO DE ABASTOS","dep":"AMAZONAS","prov":"BAGUA","dist":"BAGUA","sec":"Público","tipo":"Mixto","pu":40,"ei":"Bajo","em":"Bajo","di":"Alto","dm":"Muy Alto","dd":"Medio","ds":"No","niv":1},"geometry":{"type":"Point","coordinates":[-78.43664,-5.61055]}},{"type":"Feature","properties":{"id":"0005-A","n":"","dep":"AMAZONAS","prov":"BAGUA","dist":"IMAZA","sec":"Público","tipo":"Minorista","pu":59,"ei":"Bajo","em":"Bajo","di":"Alto","dm":"Muy Alto","dd":"Medio","ds":"No","niv":1},"geometry":{"type":"Point","coordinates":[-78.53713,-5.63934]}},{"type":"Feature","properties":{"id":"0005","n":"","dep":"AMAZONAS","prov":"BAGUA","dist":"IMAZA","sec":"Público","tipo":"Minorista","pu":56,"ei":"Bajo","em":"Bajo","di":"Alto","dm":"Muy Alto","dd":"Medio","ds":"No","niv":1},"geometry":{"type":"Point","coordinates":[-78.2886,-5.1625]}},{"type":"Feature","properties":{"id":"0008","n":"","dep":"AMAZONAS","prov":"BAGUA","dist":"LA PECA","sec":"Público","tipo":"Mixto","pu":536,"ei":"Bajo","em":"Bajo","di":"Bajo","dm":"Muy Alto","dd":"Medio","ds":"Sí","niv":1},"geometry":{"type":"Point","coordinates":[-78.5331,-5.63132]}},{"type":"Feature","properties":{"id":"0006","n":"","dep":"AMAZONAS","prov":"BAGUA","dist":"LA PECA","sec":"Público","tipo":"Minorista","pu":30,"ei":"Bajo","em":"Bajo","di":"Bajo","dm":"Muy Alto","dd":"Medio","ds":"Sí","niv":1},"geometry":{"type":"Point","coordinates":[-78.53169,-5.63661]}},{"type":"Feature","properties":{"id":"0013","n":"","dep":"AMAZONAS","prov":"BONGARA","dist":"JAZAN","sec":"Público","tipo":"Minorista","pu":180,"ei":"Muy Alto","em":"Bajo","di":"Bajo","dm":"Muy Alto","dd":"Medio","ds":"No","niv":2},"geometry":{"type":"Point","coordinates":[-77.12439,-12.06918]}},{"type":"Feature","properties":{"id":"0014","n":"","dep":"AMAZONAS","prov":"BONGARA","dist":"JAZAN","sec":"Sin clasificar","tipo":"Minorista","pu":90,"ei":"Muy Alto","em":"Bajo","di":"Bajo","dm":"Muy Alto","dd":"Medio","ds":"No","niv":2},"geometry":{"type":"Point","coordinates":[-77.12439,-12.06918]}},{"type":"Feature","properties":{"id":"0024","n":"MERCADO YANCE","dep":"AMAZONAS","prov":"CHACHAPOYAS","dist":"CHACHAPOYAS","sec":"Público","tipo":"Minorista","pu":360,"ei":"Medio","em":"Bajo","di":"Bajo","dm":"Muy Alto","dd":"Medio","ds":"No","niv":1},"geometry":{"type":"Point","coordinates":[-77.86838,-6.22734]}},{"type":"Feature","properties":{"id":"0023","n":"MERCADO MODELO","dep":"AMAZONAS","prov":"CHACHAPOYAS","dist":"CHACHAPOYAS","sec":"Público","tipo":"Minorista","pu":130,"ei":"Medio","em":"Bajo","di":"Bajo","dm":"Muy Alto","dd":"Medio","ds":"No","niv":1},"geometry":{"type":"Point","coordinates":[-77.87267,-6.22824]}},{"type":"Feature","properties":{"id":"0025-A","n":"MERCADO MERCA CHACHA","dep":"AMAZONAS","prov":"CHACHAPOYAS","dist":"CHACHAPOYAS","sec":"Privado","tipo":"Mayorista","pu":230,"ei":"Medio","em":"Bajo","di":"Bajo","dm":"Muy Alto","dd":"Medio","ds":"No","niv":1},"geometry":{"type":"Point","coordinates":[-77.86791,-6.23857]}},{"type":"Feature","properties":{"id":"0034","n":"","dep":"AMAZONAS","prov":"CHACHAPOYAS","dist":"LEIMEBAMBA","sec":"Público","tipo":"Minorista","pu":38,"ei":"Bajo","em":"Medio","di":"Bajo","dm":"Muy Alto","dd":"Medio","ds":"No","niv":1},"geometry":{"type":"Point","coordinates":[-77.80295,-6.70871]}},{"type":"Feature","properties":{"id":"0051-A","n":"","dep":"AMAZONAS","prov":"CONDORCANQUI","dist":"NIEVA","sec":"Público","tipo":"Mixto","pu":84,"ei":"Bajo","em":"Bajo","di":"Muy Alto","dm":"Muy Alto","dd":"Medio","ds":"No","niv":1},"geometry":{"type":"Point","coordinates":[-78.33561,-5.0575]}},{"type":"Feature","properties":{"id":"0060","n":"","dep":"AMAZONAS","prov":"LUYA","dist":"LUYA","sec":"Público","tipo":"Minorista","pu":36,"ei":"Bajo","em":"Bajo","di":"Bajo","dm":"Muy Alto","dd":"Medio","ds":"No","niv":1},"geometry":{"type":"Point","coordinates":[-77.94642,-6.16413]}},{"type":"Feature","properties":{"id":"0083","n":"MERCADO MODELO DE BAGUA GRANDE","dep":"AMAZONAS","prov":"UTCUBAMBA","dist":"BAGUA GRANDE","sec":"Público","tipo":"Mixto","pu":148,"ei":"Alto","em":"Bajo","di":"Medio","dm":"Muy Alto","dd":"Medio","ds":"Sí","niv":3},"geometry":{"type":"Point","coordinates":[-78.44208,-5.75519]}},{"type":"Feature","properties":{"id":"0085","n":"PARADA MUNICIPAL","dep":"AMAZONAS","prov":"UTCUBAMBA","dist":"BAGUA GRANDE","sec":"Público","tipo":"Minorista","pu":300,"ei":"Bajo","em":"Bajo","di":"Medio","dm":"Muy Alto","dd":"Medio","ds":"Sí","niv":1},"geometry":{"type":"Point","coordinates":[-78.44312,-5.75831]}},{"type":"Feature","properties":{"id":"0084","n":"MERCADO SAN LUIS","dep":"AMAZONAS","prov":"UTCUBAMBA","dist":"BAGUA GRANDE","sec":"Público","tipo":"Mixto","pu":260,"ei":"Alto","em":"Bajo","di":"Medio","dm":"Muy Alto","dd":"Medio","ds":"Sí","niv":3},"geometry":{"type":"Point","coordinates":[-78.42443,-5.76175]}},{"type":"Feature","properties":{"id":"0088","n":"ASOCIACION DE COMERCIANTES UNIDOS","dep":"AMAZONAS","prov":"UTCUBAMBA","dist":"BAGUA GRANDE","sec":"Público","tipo":"Minorista","pu":33,"ei":"Bajo","em":"Bajo","di":"Medio","dm":"Muy Alto","dd":"Medio","ds":"Sí","niv":1},"geometry":{"type":"Point","coordinates":[-78.44234,-5.7554]}},{"type":"Feature","properties":{"id":"0086","n":"MERCADILLO PRIMARIO BAGUA GRANDE","dep":"AMAZONAS","prov":"UTCUBAMBA","dist":"BAGUA GRANDE","sec":"Público","tipo":"Minorista","pu":194,"ei":"Bajo","em":"Bajo","di":"Medio","dm":"Muy Alto","dd":"Medio","ds":"Sí","niv":1},"geometry":{"type":"Point","coordinates":[-78.44364,-5.75827]}},{"type":"Feature","properties":{"id":"0093","n":"","dep":"AMAZONAS","prov":"UTCUBAMBA","dist":"CAJARURO","sec":"Público","tipo":"Minorista","pu":30,"ei":"Alto","em":"Bajo","di":"Medio","dm":"Muy Alto","dd":"Medio","ds":"Sí","niv":3},"geometry":{"type":"Point","coordinates":[-78.42738,-5.73597]}},{"type":"Feature","properties":{"id":"0094","n":"","dep":"AMAZONAS","prov":"UTCUBAMBA","dist":"CUMBA","sec":"Público","tipo":"Mixto","pu":18,"ei":"Medio","em":"Bajo","di":"Alto","dm":"Muy Alto","dd":"Medio","ds":"Sí","niv":1},"geometry":{"type":"Point","coordinates":[-78.66446,-5.93314]}},{"type":"Feature","properties":{"id":"0097","n":"","dep":"AMAZONAS","prov":"UTCUBAMBA","dist":"LONYA GRANDE","sec":"Público","tipo":"Mixto","pu":30,"ei":"Bajo","em":"Muy Alto","di":"Bajo","dm":"Muy Alto","dd":"Medio","ds":"Sí","niv":3},"geometry":{"type":"Point","coordinates":[-78.42305,-6.09664]}},{"type":"Feature","properties":{"id":"0187","n":"","dep":"ÁNCASH","prov":"AIJA","dist":"AIJA","sec":"Público","tipo":"Minorista","pu":8,"ei":"Bajo","em":"Bajo","di":"Medio","dm":"Muy Alto","dd":"Medio","ds":"No","niv":1},"geometry":{"type":"Point","coordinates":[-77.61011,-9.78026]}},{"type":"Feature","properties":{"id":"0198","n":"","dep":"ÁNCASH","prov":"ASUNCION","dist":"ACOCHACA","sec":"Privado","tipo":"Minorista","pu":22,"ei":"Alto","em":"Muy Alto","di":"Bajo","dm":"Muy Alto","dd":"Alto","ds":"Sí","niv":3},"geometry":{"type":"Point","coordinates":[-77.36808,-9.11573]}},{"type":"Feature","properties":{"id":"0199","n":"","dep":"ÁNCASH","prov":"ASUNCION","dist":"CHACAS","sec":"Público","tipo":"Minorista","pu":36,"ei":"Bajo","em":"Medio","di":"Bajo","dm":"Muy Alto","dd":"Alto","ds":"Sí","niv":1},"geometry":{"type":"Point","coordinates":[-77.3664,-9.16119]}},{"type":"Feature","properties":{"id":"0207","n":"","dep":"ÁNCASH","prov":"BOLOGNESI","dist":"HUALLANCA","sec":"Público","tipo":"Minorista","pu":215,"ei":"Medio","em":"Muy Bajo","di":"Bajo","dm":"Alto","dd":"Muy Alto","ds":"No","niv":1},"geometry":{"type":"Point","coordinates":[-76.94093,-9.89807]}},{"type":"Feature","properties":{"id":"0219","n":"","dep":"ÁNCASH","prov":"CARHUAZ","dist":"CARHUAZ","sec":"Público","tipo":"Minorista","pu":74,"ei":"Alto","em":"Muy Bajo","di":"Alto","dm":"Muy Alto","dd":"Bajo","ds":"No","niv":2},"geometry":{"type":"Point","coordinates":[-77.64796,-9.28032]}},{"type":"Feature","properties":{"id":"0220","n":"","dep":"ÁNCASH","prov":"CARHUAZ","dist":"MARCARA","sec":"Privado","tipo":"Minorista","pu":16,"ei":"Alto","em":"Muy Bajo","di":"Alto","dm":"Muy Alto","dd":"Bajo","ds":"No","niv":2},"geometry":{"type":"Point","coordinates":[-77.60362,-9.32477]}},{"type":"Feature","properties":{"id":"0226","n":"","dep":"ÁNCASH","prov":"CARLOS FERMIN FITZCARRALD","dist":"SAN LUIS","sec":"Público","tipo":"Minorista","pu":52,"ei":"Bajo","em":"Muy Alto","di":"Medio","dm":"Muy Alto","dd":"Alto","ds":"Sí","niv":3},"geometry":{"type":"Point","coordinates":[-77.32863,-9.09258]}},{"type":"Feature","properties":{"id":"0104","n":"","dep":"ÁNCASH","prov":"CASMA","dist":"YAUTAN","sec":"Público","tipo":"Minorista","pu":68,"ei":"Alto","em":"Bajo","di":"Alto","dm":"Muy Alto","dd":"Medio","ds":"Sí","niv":3},"geometry":{"type":"Point","coordinates":[-77.99529,-9.51157]}},{"type":"Feature","properties":{"id":"0237","n":"MERCADO CENTRAL VIRGEN DE FATIMA","dep":"ÁNCASH","prov":"HUARAZ","dist":"HUARAZ","sec":"Privado","tipo":"Minorista","pu":250,"ei":"Alto","em":"Muy Bajo","di":"Muy Alto","dm":"Muy Alto","dd":"Bajo","ds":"Sí","niv":3},"geometry":{"type":"Point","coordinates":[-77.53071,-9.52598]}},{"type":"Feature","properties":{"id":"0237-B","n":"MERCADO MAYORISTA DE CHALLHUA","dep":"ÁNCASH","prov":"HUARAZ","dist":"HUARAZ","sec":"Privado","tipo":"Minorista","pu":715,"ei":"Medio","em":"Bajo","di":"Muy Alto","dm":"Muy Alto","dd":"Bajo","ds":"Sí","niv":1},"geometry":{"type":"Point","coordinates":[-77.53348,-9.53491]}},{"type":"Feature","properties":{"id":"0236","n":"MERCADO POPULAR DE HUARAZ","dep":"ÁNCASH","prov":"HUARAZ","dist":"HUARAZ","sec":"Privado","tipo":"Mixto","pu":388,"ei":"Alto","em":"Muy Bajo","di":"Muy Alto","dm":"Muy Alto","dd":"Bajo","ds":"Sí","niv":3},"geometry":{"type":"Point","coordinates":[-77.53282,-9.52536]}},{"type":"Feature","properties":{"id":"0238-A","n":"MERCADO PARADA PEDREGAL","dep":"ÁNCASH","prov":"HUARAZ","dist":"HUARAZ","sec":"Privado","tipo":"Mayorista","pu":240,"ei":"Alto","em":"Muy Bajo","di":"Muy Alto","dm":"Muy Alto","dd":"Bajo","ds":"Sí","niv":3},"geometry":{"type":"Point","coordinates":[-77.52337,-9.53753]}},{"type":"Feature","properties":{"id":"0237-A","n":"CHALLHUA 10 DE JUNIO","dep":"ÁNCASH","prov":"HUARAZ","dist":"HUARAZ","sec":"Público","tipo":"Minorista","pu":220,"ei":"Medio","em":"Bajo","di":"Muy Alto","dm":"Muy Alto","dd":"Bajo","ds":"Sí","niv":1},"geometry":{"type":"Point","coordinates":[-77.5332,-9.53522]}},{"type":"Feature","properties":{"id":"0239","n":"","dep":"ÁNCASH","prov":"HUARAZ","dist":"INDEPENDENCIA","sec":"Público","tipo":"Minorista","pu":40,"ei":"Alto","em":"Muy Bajo","di":"Muy Alto","dm":"Muy Alto","dd":"Bajo","ds":"Sí","niv":3},"geometry":{"type":"Point","coordinates":[-77.53179,-9.51661]}},{"type":"Feature","properties":{"id":"0240","n":"","dep":"ÁNCASH","prov":"HUARAZ","dist":"INDEPENDENCIA","sec":"Público","tipo":"Minorista","pu":83,"ei":"Alto","em":"Muy Bajo","di":"Muy Alto","dm":"Muy Alto","dd":"Bajo","ds":"Sí","niv":3},"geometry":{"type":"Point","coordinates":[-77.52439,-9.52122]}},{"type":"Feature","properties":{"id":"0249","n":"","dep":"ÁNCASH","prov":"HUARAZ","dist":"TARICA","sec":"Público","tipo":"Minorista","pu":38,"ei":"Medio","em":"Muy Bajo","di":"Alto","dm":"Muy Alto","dd":"Medio","ds":"No","niv":1},"geometry":{"type":"Point","coordinates":[-77.57555,-9.39373]}},{"type":"Feature","properties":{"id":"0257-A","n":"","dep":"ÁNCASH","prov":"HUARI","dist":"HUARI","sec":"Privado","tipo":"Minorista","pu":60,"ei":"Bajo","em":"Medio","di":"Bajo","dm":"Muy Alto","dd":"Alto","ds":"Sí","niv":1},"geometry":{"type":"Point","coordinates":[-77.1701,-9.34781]}},{"type":"Feature","properties":{"id":"0257","n":"","dep":"ÁNCASH","prov":"HUARI","dist":"HUARI","sec":"Público","tipo":"Minorista","pu":28,"ei":"Bajo","em":"Medio","di":"Bajo","dm":"Muy Alto","dd":"Alto","ds":"Sí","niv":1},"geometry":{"type":"Point","coordinates":[-77.17318,-9.34926]}},{"type":"Feature","properties":{"id":"0263-A","n":"","dep":"ÁNCASH","prov":"HUARI","dist":"SAN MARCOS","sec":"Público","tipo":"Mixto","pu":40,"ei":"Alto","em":"Bajo","di":"Medio","dm":"Muy Alto","dd":"Alto","ds":"No","niv":2},"geometry":{"type":"Point","coordinates":[-77.15556,-9.52341]}},{"type":"Feature","properties":{"id":"0263","n":"","dep":"ÁNCASH","prov":"HUARI","dist":"SAN MARCOS","sec":"Público","tipo":"Minorista","pu":49,"ei":"Alto","em":"Bajo","di":"Medio","dm":"Muy Alto","dd":"Alto","ds":"No","niv":2},"geometry":{"type":"Point","coordinates":[-77.15642,-9.52366]}},{"type":"Feature","properties":{"id":"0266","n":"","dep":"ÁNCASH","prov":"HUAYLAS","dist":"CARAZ","sec":"Público","tipo":"Minorista","pu":102,"ei":"Medio","em":"Muy Bajo","di":"Alto","dm":"Muy Alto","dd":"Bajo","ds":"Sí","niv":1},"geometry":{"type":"Point","coordinates":[-77.80805,-9.04682]}},{"type":"Feature","properties":{"id":"0268","n":"","dep":"ÁNCASH","prov":"HUAYLAS","dist":"CARAZ","sec":"Público","tipo":"Minorista","pu":230,"ei":"Medio","em":"Muy Bajo","di":"Alto","dm":"Muy Alto","dd":"Bajo","ds":"Sí","niv":1},"geometry":{"type":"Point","coordinates":[-77.80881,-9.04682]}},{"type":"Feature","properties":{"id":"0267","n":"","dep":"ÁNCASH","prov":"HUAYLAS","dist":"CARAZ","sec":"Público","tipo":"Minorista","pu":120,"ei":"Medio","em":"Muy Bajo","di":"Alto","dm":"Muy Alto","dd":"Bajo","ds":"Sí","niv":1},"geometry":{"type":"Point","coordinates":[-77.80877,-9.04677]}},{"type":"Feature","properties":{"id":"0273","n":"","dep":"ÁNCASH","prov":"HUAYLAS","dist":"PAMPAROMAS","sec":"Público","tipo":"Minorista","pu":12,"ei":"Medio","em":"Muy Alto","di":"Bajo","dm":"Muy Alto","dd":"Medio","ds":"Sí","niv":3},"geometry":{"type":"Point","coordinates":[-77.98123,-9.0731]}},{"type":"Feature","properties":{"id":"0299","n":"","dep":"ÁNCASH","prov":"PALLASCA","dist":"CABANA","sec":"Público","tipo":"Minorista","pu":10,"ei":"Bajo","em":"Muy Alto","di":"Medio","dm":"Muy Alto","dd":"Medio","ds":"No","niv":2},"geometry":{"type":"Point","coordinates":[-78.00895,-8.39359]}},{"type":"Feature","properties":{"id":"0302-A","n":"","dep":"ÁNCASH","prov":"POMABAMBA","dist":"POMABAMBA","sec":"Público","tipo":"Minorista","pu":95,"ei":"Bajo","em":"Muy Alto","di":"Medio","dm":"Muy Alto","dd":"Alto","ds":"Sí","niv":3},"geometry":{"type":"Point","coordinates":[-77.45866,-8.82145]}},{"type":"Feature","properties":{"id":"0302","n":"","dep":"ÁNCASH","prov":"POMABAMBA","dist":"POMABAMBA","sec":"Público","tipo":"Minorista","pu":17,"ei":"Bajo","em":"Muy Alto","di":"Medio","dm":"Muy Alto","dd":"Alto","ds":"Sí","niv":3},"geometry":{"type":"Point","coordinates":[-77.46215,-8.81822]}},{"type":"Feature","properties":{"id":"0311","n":"","dep":"ÁNCASH","prov":"RECUAY","dist":"RECUAY","sec":"Público","tipo":"Minorista","pu":22,"ei":"Bajo","em":"Bajo","di":"Alto","dm":"Muy Alto","dd":"Medio","ds":"No","niv":1},"geometry":{"type":"Point","coordinates":[-77.45569,-9.72318]}},{"type":"Feature","properties":{"id":"0183","n":"","dep":"ÁNCASH","prov":"SANTA","dist":"CACERES DEL PERU","sec":"Público","tipo":"Minorista","pu":26,"ei":"Muy Alto","em":"Bajo","di":"Alto","dm":"Muy Alto","dd":"Medio","ds":"Sí","niv":3},"geometry":{"type":"Point","coordinates":[-78.1379,-9.01419]}},{"type":"Feature","properties":{"id":"0152-A","n":"MERCADO TRES ESTRELLAS","dep":"ÁNCASH","prov":"SANTA","dist":"CHIMBOTE","sec":"Privado","tipo":"Minorista","pu":136,"ei":"Medio","em":"Bajo","di":"Muy Alto","dm":"Muy Alto","dd":"Bajo","ds":"Sí","niv":1},"geometry":{"type":"Point","coordinates":[-78.56202,-9.08381]}},{"type":"Feature","properties":{"id":"0129-A","n":"MERCADO 2 DE MAYO","dep":"ÁNCASH","prov":"SANTA","dist":"CHIMBOTE","sec":"Privado","tipo":"Minorista","pu":26,"ei":"Alto","em":"Bajo","di":"Muy Alto","dm":"Muy Alto","dd":"Bajo","ds":"Sí","niv":3},"geometry":{"type":"Point","coordinates":[-78.57109,-9.06904]}},{"type":"Feature","properties":{"id":"0124-A","n":"MERCADO SAN JOSE","dep":"ÁNCASH","prov":"SANTA","dist":"CHIMBOTE","sec":"Privado","tipo":"Minorista","pu":34,"ei":"Medio","em":"Bajo","di":"Muy Alto","dm":"Muy Alto","dd":"Bajo","ds":"Sí","niv":1},"geometry":{"type":"Point","coordinates":[-78.57422,-9.04527]}},{"type":"Feature","properties":{"id":"0154-A","n":"MERCADO LA PERLA","dep":"ÁNCASH","prov":"SANTA","dist":"CHIMBOTE","sec":"Privado","tipo":"Minorista","pu":164,"ei":"Alto","em":"Bajo","di":"Muy Alto","dm":"Muy Alto","dd":"Bajo","ds":"Sí","niv":3},"geometry":{"type":"Point","coordinates":[-78.55554,-9.10095]}},{"type":"Feature","properties":{"id":"0123-A","n":"MERCADO NUEVA ESPERANZA","dep":"ÁNCASH","prov":"SANTA","dist":"CHIMBOTE","sec":"Privado","tipo":"Minorista","pu":112,"ei":"Alto","em":"Bajo","di":"Muy Alto","dm":"Muy Alto","dd":"Bajo","ds":"Sí","niv":3},"geometry":{"type":"Point","coordinates":[-78.58021,-9.05241]}},{"type":"Feature","properties":{"id":"0142","n":"MERCADO CHACRA A LA OLLA","dep":"ÁNCASH","prov":"SANTA","dist":"CHIMBOTE","sec":"Público","tipo":"Minorista","pu":33,"ei":"Alto","em":"Bajo","di":"Muy Alto","dm":"Muy Alto","dd":"Bajo","ds":"Sí","niv":3},"geometry":{"type":"Point","coordinates":[-78.58955,-9.07644]}},{"type":"Feature","properties":{"id":"0154","n":"LOS FERROLES","dep":"ÁNCASH","prov":"SANTA","dist":"CHIMBOTE","sec":"Privado","tipo":"Minorista","pu":92,"ei":"Alto","em":"Bajo","di":"Muy Alto","dm":"Muy Alto","dd":"Bajo","ds":"Sí","niv":3},"geometry":{"type":"Point","coordinates":[-78.55907,-9.10164]}},{"type":"Feature","properties":{"id":"0134","n":"MERCADO LA SIRENA","dep":"ÁNCASH","prov":"SANTA","dist":"CHIMBOTE","sec":"Público","tipo":"Minorista","pu":226,"ei":"Alto","em":"Bajo","di":"Muy Alto","dm":"Muy Alto","dd":"Bajo","ds":"Sí","niv":3},"geometry":{"type":"Point","coordinates":[-78.58898,-9.07281]}},{"type":"Feature","properties":{"id":"0150","n":"MERCADO AÑO NUEVO","dep":"ÁNCASH","prov":"SANTA","dist":"CHIMBOTE","sec":"Privado","tipo":"Minorista","pu":275,"ei":"Alto","em":"Bajo","di":"Muy Alto","dm":"Muy Alto","dd":"Bajo","ds":"Sí","niv":3},"geometry":{"type":"Point","coordinates":[-78.57009,-9.09478]}},{"type":"Feature","properties":{"id":"0152","n":"MERCADO SAN JUAN","dep":"ÁNCASH","prov":"SANTA","dist":"CHIMBOTE","sec":"Privado","tipo":"Minorista","pu":173,"ei":"Alto","em":"Bajo","di":"Muy Alto","dm":"Muy Alto","dd":"Bajo","ds":"Sí","niv":3},"geometry":{"type":"Point","coordinates":[-78.56099,-9.09435]}},{"type":"Feature","properties":{"id":"0128","n":"MERCADO 2 DE JUNIO","dep":"ÁNCASH","prov":"SANTA","dist":"CHIMBOTE","sec":"Público","tipo":"Minorista","pu":150,"ei":"Alto","em":"Bajo","di":"Muy Alto","dm":"Muy Alto","dd":"Bajo","ds":"Sí","niv":3},"geometry":{"type":"Point","coordinates":[-78.58628,-9.05732]}},{"type":"Feature","properties":{"id":"0146","n":"MERCADO ISRAELITAS","dep":"ÁNCASH","prov":"SANTA","dist":"CHIMBOTE","sec":"Privado","tipo":"Minorista","pu":43,"ei":"Alto","em":"Bajo","di":"Muy Alto","dm":"Muy Alto","dd":"Bajo","ds":"Sí","niv":3},"geometry":{"type":"Point","coordinates":[-78.57031,-9.08376]}},{"type":"Feature","properties":{"id":"0141","n":"MERCADO NUEVO PROGRESO","dep":"ÁNCASH","prov":"SANTA","dist":"CHIMBOTE","sec":"Privado","tipo":"Minorista","pu":389,"ei":"Alto","em":"Bajo","di":"Muy Alto","dm":"Muy Alto","dd":"Bajo","ds":"Sí","niv":3},"geometry":{"type":"Point","coordinates":[-78.58981,-9.0756]}},{"type":"Feature","properties":{"id":"0144-A","n":"MERCADO PUEBLOS UNIDOS","dep":"ÁNCASH","prov":"SANTA","dist":"CHIMBOTE","sec":"Privado","tipo":"Minorista","pu":180,"ei":"Alto","em":"Bajo","di":"Muy Alto","dm":"Muy Alto","dd":"Bajo","ds":"Sí","niv":3},"geometry":{"type":"Point","coordinates":[-78.57043,-9.07662]}},{"type":"Feature","properties":{"id":"0135","n":"MERCADO POPULAR EL BARATILLO","dep":"ÁNCASH","prov":"SANTA","dist":"CHIMBOTE","sec":"Privado","tipo":"Minorista","pu":574,"ei":"Alto","em":"Bajo","di":"Muy Alto","dm":"Muy Alto","dd":"Bajo","ds":"Sí","niv":3},"geometry":{"type":"Point","coordinates":[-78.58773,-9.07419]}},{"type":"Feature","properties":{"id":"0125","n":"MERCADO BETHEL","dep":"ÁNCASH","prov":"SANTA","dist":"CHIMBOTE","sec":"Privado","tipo":"Minorista","pu":250,"ei":"Medio","em":"Bajo","di":"Muy Alto","dm":"Muy Alto","dd":"Bajo","ds":"Sí","niv":1},"geometry":{"type":"Point","coordinates":[-78.57777,-9.04866]}},{"type":"Feature","properties":{"id":"0151","n":"PEQUEÑO MERCADO LA FLORIDA","dep":"ÁNCASH","prov":"SANTA","dist":"CHIMBOTE","sec":"Privado","tipo":"Minorista","pu":135,"ei":"Alto","em":"Bajo","di":"Muy Alto","dm":"Muy Alto","dd":"Bajo","ds":"Sí","niv":3},"geometry":{"type":"Point","coordinates":[-78.57014,-9.09488]}},{"type":"Feature","properties":{"id":"0126","n":"MERCADO CESAR VALLEJO","dep":"ÁNCASH","prov":"SANTA","dist":"CHIMBOTE","sec":"Público","tipo":"Minorista","pu":426,"ei":"Alto","em":"Bajo","di":"Muy Alto","dm":"Muy Alto","dd":"Bajo","ds":"Sí","niv":3},"geometry":{"type":"Point","coordinates":[-78.57676,-9.05442]}},{"type":"Feature","properties":{"id":"0124","n":"MERCADO LA UNION","dep":"ÁNCASH","prov":"SANTA","dist":"CHIMBOTE","sec":"Privado","tipo":"Minorista","pu":42,"ei":"Alto","em":"Bajo","di":"Muy Alto","dm":"Muy Alto","dd":"Bajo","ds":"Sí","niv":3},"geometry":{"type":"Point","coordinates":[-78.57607,-9.04799]}},{"type":"Feature","properties":{"id":"0140","n":"MERCADO FERROCARRIL","dep":"ÁNCASH","prov":"SANTA","dist":"CHIMBOTE","sec":"Privado","tipo":"Minorista","pu":26,"ei":"Alto","em":"Bajo","di":"Muy Alto","dm":"Muy Alto","dd":"Bajo","ds":"Sí","niv":3},"geometry":{"type":"Point","coordinates":[-78.58945,-9.07449]}},{"type":"Feature","properties":{"id":"0144","n":"MERCADO LA UNION","dep":"ÁNCASH","prov":"SANTA","dist":"CHIMBOTE","sec":"Privado","tipo":"Minorista","pu":200,"ei":"Alto","em":"Bajo","di":"Muy Alto","dm":"Muy Alto","dd":"Bajo","ds":"Sí","niv":3},"geometry":{"type":"Point","coordinates":[-78.57458,-9.07926]}},{"type":"Feature","properties":{"id":"0129","n":"MERCADO DEL CARMEN","dep":"ÁNCASH","prov":"SANTA","dist":"CHIMBOTE","sec":"Privado","tipo":"Minorista","pu":41,"ei":"Alto","em":"Bajo","di":"Muy Alto","dm":"Muy Alto","dd":"Bajo","ds":"Sí","niv":3},"geometry":{"type":"Point","coordinates":[-78.58174,-9.06311]}},{"type":"Feature","properties":{"id":"0131","n":"MERCADO PROGRESO","dep":"ÁNCASH","prov":"SANTA","dist":"CHIMBOTE","sec":"Privado","tipo":"Minorista","pu":36,"ei":"Alto","em":"Bajo","di":"Muy Alto","dm":"Muy Alto","dd":"Bajo","ds":"Sí","niv":3},"geometry":{"type":"Point","coordinates":[-78.58748,-9.06698]}},{"type":"Feature","properties":{"id":"0156","n":"MERCADO DE RINCONADA","dep":"ÁNCASH","prov":"SANTA","dist":"CHIMBOTE","sec":"Privado","tipo":"Minorista","pu":67,"ei":"Alto","em":"Medio","di":"Muy Alto","dm":"Muy Alto","dd":"Bajo","ds":"Sí","niv":3},"geometry":{"type":"Point","coordinates":[-78.56533,-8.89215]}},{"type":"Feature","properties":{"id":"0132","n":"MERCADO 21 DE ABRIL","dep":"ÁNCASH","prov":"SANTA","dist":"CHIMBOTE","sec":"Privado","tipo":"Minorista","pu":126,"ei":"Alto","em":"Bajo","di":"Muy Alto","dm":"Muy Alto","dd":"Bajo","ds":"Sí","niv":3},"geometry":{"type":"Point","coordinates":[-78.58406,-9.06851]}},{"type":"Feature","properties":{"id":"0130","n":"MERCADO TUPAC AMARU","dep":"ÁNCASH","prov":"SANTA","dist":"CHIMBOTE","sec":"Privado","tipo":"Minorista","pu":1318,"ei":"Alto","em":"Bajo","di":"Muy Alto","dm":"Muy Alto","dd":"Bajo","ds":"Sí","niv":3},"geometry":{"type":"Point","coordinates":[-78.57734,-9.07405]}},{"type":"Feature","properties":{"id":"0123","n":"MERCADO SAN PEDRO","dep":"ÁNCASH","prov":"SANTA","dist":"CHIMBOTE","sec":"Privado","tipo":"Minorista","pu":34,"ei":"Medio","em":"Bajo","di":"Muy Alto","dm":"Muy Alto","dd":"Bajo","ds":"Sí","niv":1},"geometry":{"type":"Point","coordinates":[-78.58774,-9.04945]}},{"type":"Feature","properties":{"id":"0153","n":"MERCADO EL TRAPECIO","dep":"ÁNCASH","prov":"SANTA","dist":"CHIMBOTE","sec":"Público","tipo":"Mixto","pu":217,"ei":"Alto","em":"Bajo","di":"Muy Alto","dm":"Muy Alto","dd":"Bajo","ds":"Sí","niv":3},"geometry":{"type":"Point","coordinates":[-78.56456,-9.09917]}},{"type":"Feature","properties":{"id":"0143","n":"MERCADO MIRAMAR","dep":"ÁNCASH","prov":"SANTA","dist":"CHIMBOTE","sec":"Privado","tipo":"Mixto","pu":2060,"ei":"Alto","em":"Bajo","di":"Muy Alto","dm":"Muy Alto","dd":"Bajo","ds":"Sí","niv":3},"geometry":{"type":"Point","coordinates":[-78.58359,-9.07843]}},{"type":"Feature","properties":{"id":"0139","n":"MERCADO ALFONSO UFARTE","dep":"ÁNCASH","prov":"SANTA","dist":"CHIMBOTE","sec":"Privado","tipo":"Minorista","pu":40,"ei":"Alto","em":"Bajo","di":"Muy Alto","dm":"Muy Alto","dd":"Bajo","ds":"Sí","niv":3},"geometry":{"type":"Point","coordinates":[-78.59452,-9.07189]}},{"type":"Feature","properties":{"id":"0147","n":"MERCADO LA FLORIDA","dep":"ÁNCASH","prov":"SANTA","dist":"CHIMBOTE","sec":"Privado","tipo":"Minorista","pu":52,"ei":"Alto","em":"Bajo","di":"Muy Alto","dm":"Muy Alto","dd":"Bajo","ds":"Sí","niv":3},"geometry":{"type":"Point","coordinates":[-78.57659,-9.08638]}},{"type":"Feature","properties":{"id":"0133","n":"MERCADO BOLIVAR","dep":"ÁNCASH","prov":"SANTA","dist":"CHIMBOTE","sec":"Privado","tipo":"Mixto","pu":2900,"ei":"Alto","em":"Bajo","di":"Muy Alto","dm":"Muy Alto","dd":"Bajo","ds":"Sí","niv":3},"geometry":{"type":"Point","coordinates":[-78.5909,-9.06739]}},{"type":"Feature","properties":{"id":"0137","n":"MERCADO MODELO","dep":"ÁNCASH","prov":"SANTA","dist":"CHIMBOTE","sec":"Privado","tipo":"Minorista","pu":122,"ei":"Alto","em":"Bajo","di":"Muy Alto","dm":"Muy Alto","dd":"Bajo","ds":"Sí","niv":3},"geometry":{"type":"Point","coordinates":[-78.59042,-9.074]}},{"type":"Feature","properties":{"id":"0185","n":"","dep":"ÁNCASH","prov":"SANTA","dist":"MORO","sec":"Público","tipo":"Minorista","pu":125,"ei":"Alto","em":"Bajo","di":"Muy Alto","dm":"Muy Alto","dd":"Medio","ds":"Sí","niv":3},"geometry":{"type":"Point","coordinates":[-78.18322,-9.13949]}},{"type":"Feature","properties":{"id":"0323-A","n":"","dep":"ÁNCASH","prov":"SIHUAS","dist":"SIHUAS","sec":"Público","tipo":"Minorista","pu":92,"ei":"Alto","em":"Muy Alto","di":"Medio","dm":"Muy Alto","dd":"Alto","ds":"Sí","niv":3},"geometry":{"type":"Point","coordinates":[-77.62988,-8.55609]}},{"type":"Feature","properties":{"id":"0323","n":"","dep":"ÁNCASH","prov":"SIHUAS","dist":"SIHUAS","sec":"Privado","tipo":"Minorista","pu":32,"ei":"Alto","em":"Muy Alto","di":"Medio","dm":"Muy Alto","dd":"Alto","ds":"Sí","niv":3},"geometry":{"type":"Point","coordinates":[-77.63008,-8.55579]}},{"type":"Feature","properties":{"id":"0325","n":"","dep":"ÁNCASH","prov":"YUNGAY","dist":"MANCOS","sec":"Público","tipo":"Minorista","pu":22,"ei":"Alto","em":"Muy Bajo","di":"Alto","dm":"Muy Alto","dd":"Medio","ds":"No","niv":2},"geometry":{"type":"Point","coordinates":[-77.71282,-9.19042]}},{"type":"Feature","properties":{"id":"0330","n":"","dep":"ÁNCASH","prov":"YUNGAY","dist":"YUNGAY","sec":"Público","tipo":"Mixto","pu":485,"ei":"Medio","em":"Bajo","di":"Alto","dm":"Muy Alto","dd":"Bajo","ds":"Sí","niv":1},"geometry":{"type":"Point","coordinates":[-77.74558,-9.13976]}},{"type":"Feature","properties":{"id":"0336","n":"SERAPIO TELLO URBIOLA","dep":"APURIMAC","prov":"ABANCAY","dist":"ABANCAY","sec":"Público","tipo":"Minorista","pu":62,"ei":"Medio","em":"Bajo","di":"Medio","dm":"Muy Alto","dd":"Alto","ds":"Sí","niv":1},"geometry":{"type":"Point","coordinates":[-72.88716,-13.63448]}},{"type":"Feature","properties":{"id":"0332","n":"MERCADO LA VICTORIA","dep":"APURIMAC","prov":"ABANCAY","dist":"ABANCAY","sec":"Público","tipo":"Minorista","pu":13,"ei":"Medio","em":"Bajo","di":"Medio","dm":"Muy Alto","dd":"Alto","ds":"Sí","niv":1},"geometry":{"type":"Point","coordinates":[-72.87918,-13.63325]}},{"type":"Feature","properties":{"id":"0331","n":"MERCADO VILLA AMPAY","dep":"APURIMAC","prov":"ABANCAY","dist":"ABANCAY","sec":"Público","tipo":"Minorista","pu":215,"ei":"Bajo","em":"Bajo","di":"Medio","dm":"Muy Alto","dd":"Alto","ds":"Sí","niv":1},"geometry":{"type":"Point","coordinates":[-72.88599,-13.62911]}},{"type":"Feature","properties":{"id":"0333","n":"MERCADO CENTRAL","dep":"APURIMAC","prov":"ABANCAY","dist":"ABANCAY","sec":"Público","tipo":"Minorista","pu":128,"ei":"Medio","em":"Bajo","di":"Medio","dm":"Muy Alto","dd":"Alto","ds":"Sí","niv":1},"geometry":{"type":"Point","coordinates":[-72.87809,-13.63632]}},{"type":"Feature","properties":{"id":"0334","n":"MERCADO EL PROGRESO HUANUPATA","dep":"APURIMAC","prov":"ABANCAY","dist":"ABANCAY","sec":"Público","tipo":"Minorista","pu":444,"ei":"Medio","em":"Bajo","di":"Medio","dm":"Muy Alto","dd":"Alto","ds":"Sí","niv":1},"geometry":{"type":"Point","coordinates":[-72.88127,-13.6366]}},{"type":"Feature","properties":{"id":"0341","n":"","dep":"APURIMAC","prov":"ABANCAY","dist":"CURAHUASI","sec":"Público","tipo":"Minorista","pu":38,"ei":"Alto","em":"Bajo","di":"Muy Alto","dm":"Alto","dd":"Muy Alto","ds":"Sí","niv":3},"geometry":{"type":"Point","coordinates":[-72.69677,-13.54033]}},{"type":"Feature","properties":{"id":"0345","n":"","dep":"APURIMAC","prov":"ABANCAY","dist":"LAMBRAMA","sec":"Público","tipo":"Minorista","pu":15,"ei":"Alto","em":"Bajo","di":"Alto","dm":"Alto","dd":"Muy Alto","ds":"Sí","niv":3},"geometry":{"type":"Point","coordinates":[-72.76944,-13.87076]}},{"type":"Feature","properties":{"id":"0358","n":"MERCADO MODELO DE ANDAHUAYLAS CAMILO ABUHADBA ABEDRAB","dep":"APURIMAC","prov":"ANDAHUAYLAS","dist":"ANDAHUAYLAS","sec":"Público","tipo":"Minorista","pu":676,"ei":"Alto","em":"Bajo","di":"Muy Alto","dm":"Medio","dd":"Muy Alto","ds":"Sí","niv":3},"geometry":{"type":"Point","coordinates":[-73.38757,-13.65522]}},{"type":"Feature","properties":{"id":"0359-A","n":"MERCADO CHUMBAO","dep":"APURIMAC","prov":"ANDAHUAYLAS","dist":"ANDAHUAYLAS","sec":"Privado","tipo":"Minorista","pu":20,"ei":"Alto","em":"Bajo","di":"Muy Alto","dm":"Medio","dd":"Muy Alto","ds":"Sí","niv":3},"geometry":{"type":"Point","coordinates":[-73.39805,-13.66249]}},{"type":"Feature","properties":{"id":"0375-A","n":"","dep":"APURIMAC","prov":"ANDAHUAYLAS","dist":"SANTA MARIA DE CHICMO","sec":"Público","tipo":"Minorista","pu":25,"ei":"Medio","em":"Muy Bajo","di":"Bajo","dm":"Medio","dd":"Muy Alto","ds":"Sí","niv":1},"geometry":{"type":"Point","coordinates":[-73.52927,-13.65253]}},{"type":"Feature","properties":{"id":"0376","n":"","dep":"APURIMAC","prov":"ANDAHUAYLAS","dist":"TALAVERA","sec":"Público","tipo":"Minorista","pu":114,"ei":"Alto","em":"Bajo","di":"Alto","dm":"Alto","dd":"Muy Alto","ds":"Sí","niv":3},"geometry":{"type":"Point","coordinates":[-73.43009,-13.65336]}},{"type":"Feature","properties":{"id":"0381","n":"","dep":"APURIMAC","prov":"ANTABAMBA","dist":"JUAN ESPINOZA MEDRANO","sec":"Público","tipo":"Minorista","pu":35,"ei":"Medio","em":"Bajo","di":"Medio","dm":"Medio","dd":"Muy Alto","ds":"No","niv":1},"geometry":{"type":"Point","coordinates":[-72.91505,-14.42805]}},{"type":"Feature","properties":{"id":"0384","n":"","dep":"APURIMAC","prov":"AYMARAES","dist":"CHALHUANCA","sec":"Público","tipo":"Minorista","pu":40,"ei":"Alto","em":"Muy Bajo","di":"Alto","dm":"Alto","dd":"Muy Alto","ds":"Sí","niv":3},"geometry":{"type":"Point","coordinates":[-73.24766,-14.29645]}},{"type":"Feature","properties":{"id":"0400","n":"","dep":"APURIMAC","prov":"COTABAMBAS","dist":"CHALLHUAHUACHO","sec":"Público","tipo":"Minorista","pu":20,"ei":"Alto","em":"Bajo","di":"Alto","dm":"Medio","dd":"Muy Alto","ds":"No","niv":2},"geometry":{"type":"Point","coordinates":[-72.25521,-14.12225]}},{"type":"Feature","properties":{"id":"0402","n":"","dep":"APURIMAC","prov":"COTABAMBAS","dist":"COYLLURQUI","sec":"Público","tipo":"Minorista","pu":8,"ei":"Bajo","em":"Bajo","di":"Alto","dm":"Medio","dd":"Muy Alto","ds":"No","niv":1},"geometry":{"type":"Point","coordinates":[-72.43183,-13.83733]}},{"type":"Feature","properties":{"id":"0404","n":"","dep":"APURIMAC","prov":"COTABAMBAS","dist":"MARA","sec":"Público","tipo":"Minorista","pu":36,"ei":"Alto","em":"Bajo","di":"Medio","dm":"Alto","dd":"Muy Alto","ds":"No","niv":2},"geometry":{"type":"Point","coordinates":[-72.10207,-14.08635]}},{"type":"Feature","properties":{"id":"0405","n":"","dep":"APURIMAC","prov":"COTABAMBAS","dist":"TAMBOBAMBA","sec":"Público","tipo":"Minorista","pu":54,"ei":"Bajo","em":"Bajo","di":"Alto","dm":"Alto","dd":"Muy Alto","ds":"No","niv":1},"geometry":{"type":"Point","coordinates":[-72.17484,-13.94674]}},{"type":"Feature","properties":{"id":"0406","n":"","dep":"APURIMAC","prov":"GRAU","dist":"CHUQUIBAMBILLA","sec":"Público","tipo":"Mixto","pu":50,"ei":"Alto","em":"Muy Bajo","di":"Alto","dm":"Alto","dd":"Muy Alto","ds":"Sí","niv":3},"geometry":{"type":"Point","coordinates":[-72.70741,-14.10508]}},{"type":"Feature","properties":{"id":"0531","n":"","dep":"AREQUIPA","prov":"AREQUIPA","dist":"YURA","sec":"Privado","tipo":"Minorista","pu":96,"ei":"Alto","em":"Bajo","di":"Bajo","dm":"Muy Alto","dd":"Alto","ds":"Sí","niv":3},"geometry":{"type":"Point","coordinates":[-71.61374,-16.30977]}},{"type":"Feature","properties":{"id":"0532","n":"","dep":"AREQUIPA","prov":"AREQUIPA","dist":"YURA","sec":"Privado","tipo":"Minorista","pu":82,"ei":"Alto","em":"Bajo","di":"Bajo","dm":"Muy Alto","dd":"Alto","ds":"Sí","niv":3},"geometry":{"type":"Point","coordinates":[-71.62583,-16.30052]}},{"type":"Feature","properties":{"id":"0556","n":"","dep":"AREQUIPA","prov":"CAMANA","dist":"SAMUEL PASTOR","sec":"Público","tipo":"Minorista","pu":32,"ei":"Muy Alto","em":"Bajo","di":"Alto","dm":"Muy Alto","dd":"Medio","ds":"Sí","niv":3},"geometry":{"type":"Point","coordinates":[-72.7021,-16.60297]}},{"type":"Feature","properties":{"id":"0571","n":"","dep":"AREQUIPA","prov":"CASTILLA","dist":"APLAO","sec":"Público","tipo":"Minorista","pu":90,"ei":"Muy Alto","em":"Bajo","di":"Alto","dm":"Muy Alto","dd":"Medio","ds":"Sí","niv":3},"geometry":{"type":"Point","coordinates":[-72.49157,-16.07687]}},{"type":"Feature","properties":{"id":"0581","n":"","dep":"AREQUIPA","prov":"CASTILLA","dist":"URACA","sec":"Público","tipo":"Minorista","pu":52,"ei":"Muy Alto","em":"Bajo","di":"Muy Alto","dm":"Muy Alto","dd":"Alto","ds":"Sí","niv":3},"geometry":{"type":"Point","coordinates":[-72.47056,-16.22503]}},{"type":"Feature","properties":{"id":"0592","n":"","dep":"AREQUIPA","prov":"CAYLLOMA","dist":"CAYLLOMA","sec":"Público","tipo":"Minorista","pu":84,"ei":"Bajo","em":"Bajo","di":"Bajo","dm":"Alto","dd":"Muy Alto","ds":"Sí","niv":1},"geometry":{"type":"Point","coordinates":[-71.77139,-15.18919]}},{"type":"Feature","properties":{"id":"0604","n":"","dep":"AREQUIPA","prov":"CAYLLOMA","dist":"SIBAYO","sec":"Público","tipo":"Minorista","pu":15,"ei":"Muy Bajo","em":"Bajo","di":"Medio","dm":"Alto","dd":"Muy Alto","ds":"No","niv":1},"geometry":{"type":"Point","coordinates":[-71.46474,-15.49287]}},{"type":"Feature","properties":{"id":"0616","n":"","dep":"AREQUIPA","prov":"ISLAY","dist":"COCACHACRA","sec":"Público","tipo":"Mixto","pu":58,"ei":"Muy Alto","em":"Bajo","di":"Muy Alto","dm":"Muy Alto","dd":"Alto","ds":"Sí","niv":3},"geometry":{"type":"Point","coordinates":[-71.76305,-17.0909]}},{"type":"Feature","properties":{"id":"0617","n":"","dep":"AREQUIPA","prov":"ISLAY","dist":"DEAN VALDIVIA","sec":"Público","tipo":"Minorista","pu":10,"ei":"Muy Alto","em":"Bajo","di":"Muy Alto","dm":"Alto","dd":"Alto","ds":"Sí","niv":3},"geometry":{"type":"Point","coordinates":[-71.82179,-17.1453]}},{"type":"Feature","properties":{"id":"0628","n":"","dep":"AREQUIPA","prov":"LA UNION","dist":"COTAHUASI","sec":"Público","tipo":"Minorista","pu":20,"ei":"Medio","em":"Medio","di":"Bajo","dm":"Muy Alto","dd":"Alto","ds":"No","niv":1},"geometry":{"type":"Point","coordinates":[-72.89123,-15.21173]}},{"type":"Feature","properties":{"id":"0648","n":"MERCADO MAYORISTA NERY GARCIA ZARATE","dep":"AYACUCHO","prov":"HUAMANGA","dist":"AYACUCHO","sec":"Privado","tipo":"Minorista","pu":34,"ei":"Muy Bajo","em":"Muy Bajo","di":"Medio","dm":"Muy Alto","dd":"Alto","ds":"Sí","niv":1},"geometry":{"type":"Point","coordinates":[-74.22995,-13.15017]}},{"type":"Feature","properties":{"id":"0647","n":"MERCADO MARISCAL CACERES","dep":"AYACUCHO","prov":"HUAMANGA","dist":"AYACUCHO","sec":"Público","tipo":"Minorista","pu":165,"ei":"Medio","em":"Muy Bajo","di":"Medio","dm":"Muy Alto","dd":"Alto","ds":"Sí","niv":1},"geometry":{"type":"Point","coordinates":[-74.22759,-13.14882]}},{"type":"Feature","properties":{"id":"0651","n":"PLAYA GRAU","dep":"AYACUCHO","prov":"HUAMANGA","dist":"AYACUCHO","sec":"Privado","tipo":"Mixto","pu":500,"ei":"Muy Bajo","em":"Muy Bajo","di":"Medio","dm":"Muy Alto","dd":"Alto","ds":"Sí","niv":1},"geometry":{"type":"Point","coordinates":[-74.2285,-13.16416]}},{"type":"Feature","properties":{"id":"0655","n":"MERCADO MAGDALENA","dep":"AYACUCHO","prov":"HUAMANGA","dist":"AYACUCHO","sec":"Privado","tipo":"Minorista","pu":25,"ei":"Medio","em":"Muy Bajo","di":"Medio","dm":"Muy Alto","dd":"Alto","ds":"Sí","niv":1},"geometry":{"type":"Point","coordinates":[-74.22085,-13.15823]}},{"type":"Feature","properties":{"id":"0653","n":"SANTA CLARA","dep":"AYACUCHO","prov":"HUAMANGA","dist":"AYACUCHO","sec":"Público","tipo":"Minorista","pu":323,"ei":"Muy Bajo","em":"Muy Bajo","di":"Medio","dm":"Muy Alto","dd":"Alto","ds":"Sí","niv":1},"geometry":{"type":"Point","coordinates":[-74.22822,-13.16325]}},{"type":"Feature","properties":{"id":"0652","n":"MERCADO ANDRES VIVANCO","dep":"AYACUCHO","prov":"HUAMANGA","dist":"AYACUCHO","sec":"Público","tipo":"Minorista","pu":543,"ei":"Muy Bajo","em":"Muy Bajo","di":"Medio","dm":"Muy Alto","dd":"Alto","ds":"Sí","niv":1},"geometry":{"type":"Point","coordinates":[-74.22726,-13.16343]}},{"type":"Feature","properties":{"id":"0657-A","n":"MERCADILLO DE LA ASOCIACION DE PRODUCTORES ANDRES AVELINO CACERES DORREGARAY","dep":"AYACUCHO","prov":"HUAMANGA","dist":"AYACUCHO","sec":"Público","tipo":"Minorista","pu":188,"ei":"Medio","em":"Muy Bajo","di":"Medio","dm":"Muy Alto","dd":"Alto","ds":"Sí","niv":1},"geometry":{"type":"Point","coordinates":[-74.21361,-13.16668]}},{"type":"Feature","properties":{"id":"0650","n":"GALERIA CENTRAL","dep":"AYACUCHO","prov":"HUAMANGA","dist":"AYACUCHO","sec":"Sin clasificar","tipo":"Minorista","pu":973,"ei":"Muy Bajo","em":"Muy Bajo","di":"Medio","dm":"Muy Alto","dd":"Alto","ds":"Sí","niv":1},"geometry":{"type":"Point","coordinates":[-74.22764,-13.16299]}},{"type":"Feature","properties":{"id":"0656","n":"MERCADILLO PIO MAX","dep":"AYACUCHO","prov":"HUAMANGA","dist":"AYACUCHO","sec":"Público","tipo":"Minorista","pu":140,"ei":"Medio","em":"Muy Bajo","di":"Medio","dm":"Muy Alto","dd":"Alto","ds":"Sí","niv":1},"geometry":{"type":"Point","coordinates":[-74.2104,-13.16084]}},{"type":"Feature","properties":{"id":"0657","n":"MERCADO EX CONTROL","dep":"AYACUCHO","prov":"HUAMANGA","dist":"AYACUCHO","sec":"Privado","tipo":"Minorista","pu":4,"ei":"Medio","em":"Muy Bajo","di":"Medio","dm":"Muy Alto","dd":"Alto","ds":"Sí","niv":1},"geometry":{"type":"Point","coordinates":[-74.21392,-13.16616]}},{"type":"Feature","properties":{"id":"0658","n":"ASOCIACION DE PROPIETARIOS MERCADO SEÑOR DE AREQUIPA","dep":"AYACUCHO","prov":"HUAMANGA","dist":"AYACUCHO","sec":"Privado","tipo":"Minorista","pu":50,"ei":"Medio","em":"Muy Bajo","di":"Medio","dm":"Muy Alto","dd":"Alto","ds":"Sí","niv":1},"geometry":{"type":"Point","coordinates":[-74.21353,-13.16562]}},{"type":"Feature","properties":{"id":"0646","n":"MERCADO TRIANGULO","dep":"AYACUCHO","prov":"HUAMANGA","dist":"AYACUCHO","sec":"Privado","tipo":"Minorista","pu":76,"ei":"Muy Bajo","em":"Muy Bajo","di":"Medio","dm":"Muy Alto","dd":"Alto","ds":"Sí","niv":1},"geometry":{"type":"Point","coordinates":[-74.22939,-13.14871]}},{"type":"Feature","properties":{"id":"0654","n":"MERCADO 12 DE ABRIL","dep":"AYACUCHO","prov":"HUAMANGA","dist":"AYACUCHO","sec":"Público","tipo":"Minorista","pu":32,"ei":"Muy Bajo","em":"Muy Bajo","di":"Medio","dm":"Muy Alto","dd":"Alto","ds":"Sí","niv":1},"geometry":{"type":"Point","coordinates":[-74.22755,-13.16533]}},{"type":"Feature","properties":{"id":"0659","n":"MERCADO SANTA ELENA","dep":"AYACUCHO","prov":"HUAMANGA","dist":"AYACUCHO","sec":"Privado","tipo":"Minorista","pu":24,"ei":"Medio","em":"Muy Bajo","di":"Medio","dm":"Muy Alto","dd":"Alto","ds":"Sí","niv":1},"geometry":{"type":"Point","coordinates":[-74.19891,-13.16986]}},{"type":"Feature","properties":{"id":"0675","n":"","dep":"AYACUCHO","prov":"HUANCA SANCOS","dist":"SANCOS","sec":"Público","tipo":"Minorista","pu":42,"ei":"Bajo","em":"Bajo","di":"Bajo","dm":"Medio","dd":"Muy Alto","ds":"Sí","niv":1},"geometry":{"type":"Point","coordinates":[-74.33472,-13.91856]}},{"type":"Feature","properties":{"id":"0681","n":"MERCADO DE HUANTA","dep":"AYACUCHO","prov":"HUANTA","dist":"HUANTA","sec":"Público","tipo":"Minorista","pu":277,"ei":"Medio","em":"Muy Bajo","di":"Medio","dm":"Muy Alto","dd":"Alto","ds":"No","niv":1},"geometry":{"type":"Point","coordinates":[-74.25085,-12.9394]}},{"type":"Feature","properties":{"id":"0683","n":"","dep":"AYACUCHO","prov":"HUANTA","dist":"LURICOCHA","sec":"Público","tipo":"Minorista","pu":80,"ei":"Medio","em":"Muy Bajo","di":"Medio","dm":"Muy Alto","dd":"Alto","ds":"Sí","niv":1},"geometry":{"type":"Point","coordinates":[-74.27608,-12.89904]}},{"type":"Feature","properties":{"id":"0699","n":"","dep":"AYACUCHO","prov":"HUANTA","dist":"SIVIA","sec":"Público","tipo":"Minorista","pu":70,"ei":"Medio","em":"Muy Bajo","di":"Medio","dm":"Muy Alto","dd":"Muy Alto","ds":"Sí","niv":1},"geometry":{"type":"Point","coordinates":[-73.8574,-12.51246]}},{"type":"Feature","properties":{"id":"0689","n":"","dep":"AYACUCHO","prov":"LA MAR","dist":"AYNA","sec":"Privado","tipo":"Mixto","pu":42,"ei":"Bajo","em":"Bajo","di":"Medio","dm":"Muy Alto","dd":"Muy Alto","ds":"Sí","niv":1},"geometry":{"type":"Point","coordinates":[-73.78901,-12.62318]}},{"type":"Feature","properties":{"id":"0696","n":"","dep":"AYACUCHO","prov":"LA MAR","dist":"SAMUGARI","sec":"Público","tipo":"Mixto","pu":106,"ei":"Alto","em":"Bajo","di":"Bajo","dm":"Muy Alto","dd":"Muy Alto","ds":"No","niv":2},"geometry":{"type":"Point","coordinates":[-73.65915,-12.76849]}},{"type":"Feature","properties":{"id":"0697","n":"","dep":"AYACUCHO","prov":"LA MAR","dist":"SAN MIGUEL","sec":"Público","tipo":"Mixto","pu":90,"ei":"Medio","em":"Bajo","di":"Medio","dm":"Muy Alto","dd":"Muy Alto","ds":"No","niv":1},"geometry":{"type":"Point","coordinates":[-73.98045,-13.01319]}},{"type":"Feature","properties":{"id":"0698","n":"","dep":"AYACUCHO","prov":"LA MAR","dist":"SANTA ROSA","sec":"Público","tipo":"Minorista","pu":100,"ei":"Alto","em":"Muy Bajo","di":"Medio","dm":"Muy Alto","dd":"Alto","ds":"Sí","niv":3},"geometry":{"type":"Point","coordinates":[-73.73435,-12.6874]}},{"type":"Feature","properties":{"id":"0700","n":"","dep":"AYACUCHO","prov":"LA MAR","dist":"TAMBO","sec":"Público","tipo":"Mixto","pu":120,"ei":"Bajo","em":"Bajo","di":"Medio","dm":"Muy Alto","dd":"Muy Alto","ds":"Sí","niv":1},"geometry":{"type":"Point","coordinates":[-74.02221,-12.94776]}},{"type":"Feature","properties":{"id":"0704","n":"","dep":"AYACUCHO","prov":"LUCANAS","dist":"CABANA","sec":"Público","tipo":"Minorista","pu":30,"ei":"Alto","em":"Bajo","di":"Bajo","dm":"Medio","dd":"Muy Alto","ds":"Sí","niv":3},"geometry":{"type":"Point","coordinates":[-73.9684,-14.29236]}},{"type":"Feature","properties":{"id":"0777","n":"","dep":"CAJAMARCA","prov":"CAJABAMBA","dist":"CACHACHI","sec":"Público","tipo":"Minorista","pu":16,"ei":"Bajo","em":"Medio","di":"Alto","dm":"Muy Alto","dd":"Medio","ds":"Sí","niv":1},"geometry":{"type":"Point","coordinates":[-78.26963,-7.44909]}},{"type":"Feature","properties":{"id":"0790","n":"","dep":"CAJAMARCA","prov":"CAJAMARCA","dist":"ASUNCION","sec":"Público","tipo":"Minorista","pu":156,"ei":"Alto","em":"Muy Alto","di":"Bajo","dm":"Muy Alto","dd":"Bajo","ds":"Sí","niv":3},"geometry":{"type":"Point","coordinates":[-78.51987,-7.32397]}},{"type":"Feature","properties":{"id":"0782","n":"MERCADO MODELO","dep":"CAJAMARCA","prov":"CAJAMARCA","dist":"CAJAMARCA","sec":"Privado","tipo":"Minorista","pu":180,"ei":"Alto","em":"Muy Bajo","di":"Muy Alto","dm":"Muy Alto","dd":"Bajo","ds":"Sí","niv":3},"geometry":{"type":"Point","coordinates":[-78.51676,-7.15322]}},{"type":"Feature","properties":{"id":"0784","n":"MERCADO SAN SEBASTIAN","dep":"CAJAMARCA","prov":"CAJAMARCA","dist":"CAJAMARCA","sec":"Privado","tipo":"Minorista","pu":380,"ei":"Alto","em":"Muy Bajo","di":"Muy Alto","dm":"Muy Alto","dd":"Bajo","ds":"Sí","niv":3},"geometry":{"type":"Point","coordinates":[-78.51169,-7.16291]}},{"type":"Feature","properties":{"id":"0787","n":"MERCADO CENTRAL","dep":"CAJAMARCA","prov":"CAJAMARCA","dist":"CAJAMARCA","sec":"Privado","tipo":"Minorista","pu":61,"ei":"Alto","em":"Bajo","di":"Muy Alto","dm":"Muy Alto","dd":"Bajo","ds":"Sí","niv":3},"geometry":{"type":"Point","coordinates":[-78.51777,-7.15533]}},{"type":"Feature","properties":{"id":"0783","n":"MERCADO SAN MARTIN","dep":"CAJAMARCA","prov":"CAJAMARCA","dist":"CAJAMARCA","sec":"Privado","tipo":"Minorista","pu":258,"ei":"Alto","em":"Muy Bajo","di":"Muy Alto","dm":"Muy Alto","dd":"Bajo","ds":"Sí","niv":3},"geometry":{"type":"Point","coordinates":[-78.50146,-7.16764]}},{"type":"Feature","properties":{"id":"0781","n":"MERCADO CHONTAPACCHA","dep":"CAJAMARCA","prov":"CAJAMARCA","dist":"CAJAMARCA","sec":"Público","tipo":"Minorista","pu":290,"ei":"Alto","em":"Muy Bajo","di":"Muy Alto","dm":"Muy Alto","dd":"Bajo","ds":"Sí","niv":3},"geometry":{"type":"Point","coordinates":[-78.52332,-7.14562]}},{"type":"Feature","properties":{"id":"0791","n":"","dep":"CAJAMARCA","prov":"CAJAMARCA","dist":"CHETILLA","sec":"Público","tipo":"Minorista","pu":100,"ei":"Bajo","em":"Medio","di":"Bajo","dm":"Muy Alto","dd":"Medio","ds":"No","niv":1},"geometry":{"type":"Point","coordinates":[-78.67393,-7.14669]}},{"type":"Feature","properties":{"id":"0794-A","n":"","dep":"CAJAMARCA","prov":"CAJAMARCA","dist":"JESUS","sec":"Público","tipo":"Minorista","pu":50,"ei":"Alto","em":"Muy Bajo","di":"Medio","dm":"Muy Alto","dd":"Medio","ds":"No","niv":2},"geometry":{"type":"Point","coordinates":[-78.3793,-7.24876]}},{"type":"Feature","properties":{"id":"0794","n":"","dep":"CAJAMARCA","prov":"CAJAMARCA","dist":"JESUS","sec":"Público","tipo":"Minorista","pu":34,"ei":"Alto","em":"Bajo","di":"Medio","dm":"Muy Alto","dd":"Medio","ds":"No","niv":2},"geometry":{"type":"Point","coordinates":[-78.51847,-7.15479]}},{"type":"Feature","properties":{"id":"0797-A","n":"","dep":"CAJAMARCA","prov":"CAJAMARCA","dist":"MAGDALENA","sec":"Público","tipo":"Minorista","pu":120,"ei":"Medio","em":"Bajo","di":"Medio","dm":"Muy Alto","dd":"Medio","ds":"Sí","niv":1},"geometry":{"type":"Point","coordinates":[-78.65903,-7.25044]}},{"type":"Feature","properties":{"id":"0800","n":"","dep":"CAJAMARCA","prov":"CAJAMARCA","dist":"SAN JUAN","sec":"Público","tipo":"Minorista","pu":60,"ei":"Alto","em":"Bajo","di":"Bajo","dm":"Muy Alto","dd":"Medio","ds":"Sí","niv":3},"geometry":{"type":"Point","coordinates":[-78.49655,-7.29176]}},{"type":"Feature","properties":{"id":"0802","n":"","dep":"CAJAMARCA","prov":"CELENDIN","dist":"CELENDIN","sec":"Privado","tipo":"Mixto","pu":63,"ei":"Alto","em":"Muy Bajo","di":"Medio","dm":"Muy Alto","dd":"Bajo","ds":"No","niv":2},"geometry":{"type":"Point","coordinates":[-78.14526,-6.86897]}},{"type":"Feature","properties":{"id":"0801","n":"","dep":"CAJAMARCA","prov":"CELENDIN","dist":"CELENDIN","sec":"Público","tipo":"Minorista","pu":820,"ei":"Alto","em":"Muy Bajo","di":"Medio","dm":"Muy Alto","dd":"Bajo","ds":"No","niv":2},"geometry":{"type":"Point","coordinates":[-78.14577,-6.86348]}},{"type":"Feature","properties":{"id":"0804","n":"","dep":"CAJAMARCA","prov":"CELENDIN","dist":"CORTEGANA","sec":"Público","tipo":"Minorista","pu":62,"ei":"Bajo","em":"Medio","di":"Bajo","dm":"Muy Alto","dd":"Medio","ds":"No","niv":1},"geometry":{"type":"Point","coordinates":[-78.32962,-6.51349]}},{"type":"Feature","properties":{"id":"0805-A","n":"","dep":"CAJAMARCA","prov":"CELENDIN","dist":"HUASMIN","sec":"Público","tipo":"Minorista","pu":62,"ei":"Bajo","em":"Bajo","di":"Bajo","dm":"Muy Alto","dd":"Medio","ds":"No","niv":1},"geometry":{"type":"Point","coordinates":[-78.21446,-6.86385]}},{"type":"Feature","properties":{"id":"0808","n":"","dep":"CAJAMARCA","prov":"CELENDIN","dist":"LA LIBERTAD DE PALLAN","sec":"Público","tipo":"Minorista","pu":56,"ei":"Bajo","em":"Bajo","di":"Bajo","dm":"Muy Alto","dd":"Medio","ds":"No","niv":1},"geometry":{"type":"Point","coordinates":[-78.28196,-6.72457]}},{"type":"Feature","properties":{"id":"0809-A","n":"","dep":"CAJAMARCA","prov":"CELENDIN","dist":"MIGUEL IGLESIAS","sec":"Público","tipo":"Minorista","pu":8,"ei":"Bajo","em":"Bajo","di":"Bajo","dm":"Muy Alto","dd":"Medio","ds":"Sí","niv":1},"geometry":{"type":"Point","coordinates":[-78.23091,-6.69575]}},{"type":"Feature","properties":{"id":"0809","n":"","dep":"CAJAMARCA","prov":"CELENDIN","dist":"MIGUEL IGLESIAS","sec":"Público","tipo":"Minorista","pu":38,"ei":"Bajo","em":"Bajo","di":"Bajo","dm":"Muy Alto","dd":"Medio","ds":"Sí","niv":1},"geometry":{"type":"Point","coordinates":[-78.23178,-6.64973]}},{"type":"Feature","properties":{"id":"0810","n":"","dep":"CAJAMARCA","prov":"CELENDIN","dist":"OXAMARCA","sec":"Público","tipo":"Minorista","pu":25,"ei":"Bajo","em":"Medio","di":"Bajo","dm":"Muy Alto","dd":"Medio","ds":"No","niv":1},"geometry":{"type":"Point","coordinates":[-78.06832,-7.0423]}},{"type":"Feature","properties":{"id":"0818","n":"","dep":"CAJAMARCA","prov":"CHOTA","dist":"CHALAMARCA","sec":"Público","tipo":"Minorista","pu":34,"ei":"Bajo","em":"Medio","di":"Bajo","dm":"Muy Alto","dd":"Medio","ds":"Sí","niv":1},"geometry":{"type":"Point","coordinates":[-78.48096,-6.503]}},{"type":"Feature","properties":{"id":"0821","n":"","dep":"CAJAMARCA","prov":"CHOTA","dist":"CHOROPAMPA","sec":"Público","tipo":"Minorista","pu":30,"ei":"Bajo","em":"Bajo","di":"Bajo","dm":"Muy Alto","dd":"Medio","ds":"Sí","niv":1},"geometry":{"type":"Point","coordinates":[-78.41336,-6.37078]}},{"type":"Feature","properties":{"id":"0815","n":"MERCADO JULIO VASQUEZ ACUÑA","dep":"CAJAMARCA","prov":"CHOTA","dist":"CHOTA","sec":"Público","tipo":"Minorista","pu":180,"ei":"Bajo","em":"Medio","di":"Bajo","dm":"Muy Alto","dd":"Medio","ds":"No","niv":1},"geometry":{"type":"Point","coordinates":[-78.64754,-6.55928]}},{"type":"Feature","properties":{"id":"0814","n":"MERCADO CENTRAL","dep":"CAJAMARCA","prov":"CHOTA","dist":"CHOTA","sec":"Público","tipo":"Minorista","pu":153,"ei":"Bajo","em":"Muy Bajo","di":"Bajo","dm":"Muy Alto","dd":"Medio","ds":"No","niv":1},"geometry":{"type":"Point","coordinates":[-78.65102,-6.56114]}},{"type":"Feature","properties":{"id":"0832","n":"","dep":"CAJAMARCA","prov":"CHOTA","dist":"TACABAMBA","sec":"Público","tipo":"Minorista","pu":120,"ei":"Bajo","em":"Bajo","di":"Bajo","dm":"Muy Alto","dd":"Medio","ds":"Sí","niv":1},"geometry":{"type":"Point","coordinates":[-78.61077,-6.39454]}},{"type":"Feature","properties":{"id":"0835","n":"","dep":"CAJAMARCA","prov":"CONTUMAZA","dist":"CONTUMAZA","sec":"Público","tipo":"Mixto","pu":15,"ei":"Medio","em":"Muy Alto","di":"Bajo","dm":"Muy Alto","dd":"Medio","ds":"Sí","niv":3},"geometry":{"type":"Point","coordinates":[-78.80441,-7.36572]}},{"type":"Feature","properties":{"id":"0859","n":"","dep":"CAJAMARCA","prov":"CUTERVO","dist":"CALLAYUC","sec":"Público","tipo":"Minorista","pu":80,"ei":"Bajo","em":"Bajo","di":"Medio","dm":"Muy Alto","dd":"Medio","ds":"Sí","niv":1},"geometry":{"type":"Point","coordinates":[-78.91069,-6.18047]}},{"type":"Feature","properties":{"id":"0843","n":"CENTRO COMERCIAL PABELLON A","dep":"CAJAMARCA","prov":"CUTERVO","dist":"CUTERVO","sec":"Público","tipo":"Minorista","pu":87,"ei":"Medio","em":"Muy Bajo","di":"Medio","dm":"Muy Alto","dd":"Medio","ds":"Sí","niv":1},"geometry":{"type":"Point","coordinates":[-78.81746,-6.37662]}},{"type":"Feature","properties":{"id":"0843-A","n":"MERCADO ZONAL NUEVO ORIENTE","dep":"CAJAMARCA","prov":"CUTERVO","dist":"CUTERVO","sec":"Público","tipo":"Minorista","pu":135,"ei":"Medio","em":"Muy Bajo","di":"Medio","dm":"Muy Alto","dd":"Medio","ds":"Sí","niv":1},"geometry":{"type":"Point","coordinates":[-78.80992,-6.37391]}},{"type":"Feature","properties":{"id":"0843-B","n":"MERCADO MUNICIPAL SANTA CELIA","dep":"CAJAMARCA","prov":"CUTERVO","dist":"CUTERVO","sec":"Público","tipo":"Minorista","pu":206,"ei":"Medio","em":"Muy Bajo","di":"Medio","dm":"Muy Alto","dd":"Medio","ds":"Sí","niv":1},"geometry":{"type":"Point","coordinates":[-78.8183,-6.37757]}},{"type":"Feature","properties":{"id":"0866","n":"","dep":"CAJAMARCA","prov":"CUTERVO","dist":"PIMPINGOS","sec":"Público","tipo":"Minorista","pu":40,"ei":"Bajo","em":"Bajo","di":"Bajo","dm":"Muy Alto","dd":"Medio","ds":"Sí","niv":1},"geometry":{"type":"Point","coordinates":[-78.75809,-6.06133]}},{"type":"Feature","properties":{"id":"0850","n":"","dep":"CAJAMARCA","prov":"CUTERVO","dist":"SOCOTA","sec":"Público","tipo":"Mixto","pu":78,"ei":"Bajo","em":"Muy Bajo","di":"Bajo","dm":"Muy Alto","dd":"Medio","ds":"Sí","niv":1},"geometry":{"type":"Point","coordinates":[-78.69851,-6.31631]}},{"type":"Feature","properties":{"id":"0851-A","n":"","dep":"CAJAMARCA","prov":"HUALGAYOC","dist":"BAMBAMARCA","sec":"Público","tipo":"Minorista","pu":184,"ei":"Bajo","em":"Muy Bajo","di":"Bajo","dm":"Muy Alto","dd":"Medio","ds":"No","niv":1},"geometry":{"type":"Point","coordinates":[-78.52037,-6.68054]}},{"type":"Feature","properties":{"id":"0851","n":"","dep":"CAJAMARCA","prov":"HUALGAYOC","dist":"BAMBAMARCA","sec":"Público","tipo":"Minorista","pu":218,"ei":"Bajo","em":"Muy Bajo","di":"Bajo","dm":"Muy Alto","dd":"Medio","ds":"No","niv":1},"geometry":{"type":"Point","coordinates":[-78.52035,-6.68079]}},{"type":"Feature","properties":{"id":"0858","n":"","dep":"CAJAMARCA","prov":"JAEN","dist":"BELLAVISTA","sec":"Público","tipo":"Minorista","pu":7,"ei":"Alto","em":"Muy Bajo","di":"Alto","dm":"Muy Alto","dd":"Bajo","ds":"Sí","niv":3},"geometry":{"type":"Point","coordinates":[-78.67879,-5.66509]}},{"type":"Feature","properties":{"id":"0856","n":"MERCADO SOL DIVINO (SANTA BEATRIZ)","dep":"CAJAMARCA","prov":"JAEN","dist":"JAEN","sec":"Público","tipo":"Minorista","pu":122,"ei":"Alto","em":"Muy Bajo","di":"Alto","dm":"Muy Alto","dd":"Bajo","ds":"Sí","niv":3},"geometry":{"type":"Point","coordinates":[-78.79741,-5.71282]}},{"type":"Feature","properties":{"id":"0857","n":"MERCADO MINORISTA ROBERTO SEGURA","dep":"CAJAMARCA","prov":"JAEN","dist":"JAEN","sec":"Público","tipo":"Minorista","pu":115,"ei":"Alto","em":"Muy Bajo","di":"Alto","dm":"Muy Alto","dd":"Bajo","ds":"Sí","niv":3},"geometry":{"type":"Point","coordinates":[-78.81057,-5.71158]}},{"type":"Feature","properties":{"id":"0854","n":"MERCADO DE ABASTOS 28 DE JULIO","dep":"CAJAMARCA","prov":"JAEN","dist":"JAEN","sec":"Público","tipo":"Minorista","pu":79,"ei":"Medio","em":"Muy Bajo","di":"Alto","dm":"Muy Alto","dd":"Bajo","ds":"Sí","niv":1},"geometry":{"type":"Point","coordinates":[-78.81106,-5.70423]}},{"type":"Feature","properties":{"id":"0855","n":"MERCADO CENTRAL","dep":"CAJAMARCA","prov":"JAEN","dist":"JAEN","sec":"Público","tipo":"Minorista","pu":82,"ei":"Alto","em":"Muy Bajo","di":"Alto","dm":"Muy Alto","dd":"Bajo","ds":"Sí","niv":3},"geometry":{"type":"Point","coordinates":[-78.80651,-5.70874]}},{"type":"Feature","properties":{"id":"0867","n":"","dep":"CAJAMARCA","prov":"JAEN","dist":"POMAHUACA","sec":"Público","tipo":"Minorista","pu":33,"ei":"Medio","em":"Muy Bajo","di":"Medio","dm":"Muy Alto","dd":"Medio","ds":"Sí","niv":1},"geometry":{"type":"Point","coordinates":[-79.22858,-5.93143]}},{"type":"Feature","properties":{"id":"0869","n":"","dep":"CAJAMARCA","prov":"JAEN","dist":"SALLIQUE","sec":"Público","tipo":"Minorista","pu":24,"ei":"Bajo","em":"Medio","di":"Bajo","dm":"Muy Alto","dd":"Medio","ds":"No","niv":1},"geometry":{"type":"Point","coordinates":[-79.31538,-5.65688]}},{"type":"Feature","properties":{"id":"0874","n":"","dep":"CAJAMARCA","prov":"JAEN","dist":"SANTA ROSA","sec":"Público","tipo":"Minorista","pu":50,"ei":"Medio","em":"Bajo","di":"Medio","dm":"Muy Alto","dd":"Alto","ds":"No","niv":1},"geometry":{"type":"Point","coordinates":[-78.56701,-5.43436]}},{"type":"Feature","properties":{"id":"0876","n":"","dep":"CAJAMARCA","prov":"SAN IGNACIO","dist":"CHIRINOS","sec":"Público","tipo":"Minorista","pu":30,"ei":"Bajo","em":"Medio","di":"Medio","dm":"Muy Alto","dd":"Medio","ds":"Sí","niv":1},"geometry":{"type":"Point","coordinates":[-78.8997,-5.30466]}},{"type":"Feature","properties":{"id":"0880","n":"","dep":"CAJAMARCA","prov":"SAN IGNACIO","dist":"SAN IGNACIO","sec":"Público","tipo":"Mixto","pu":35,"ei":"Medio","em":"Medio","di":"Medio","dm":"Muy Alto","dd":"Medio","ds":"No","niv":1},"geometry":{"type":"Point","coordinates":[-79.00366,-5.14673]}},{"type":"Feature","properties":{"id":"0889","n":"","dep":"CAJAMARCA","prov":"SAN MARCOS","dist":"PEDRO GALVEZ","sec":"Público","tipo":"Minorista","pu":264,"ei":"Medio","em":"Muy Bajo","di":"Alto","dm":"Muy Alto","dd":"Medio","ds":"No","niv":1},"geometry":{"type":"Point","coordinates":[-78.17186,-7.33487]}},{"type":"Feature","properties":{"id":"0897","n":"","dep":"CAJAMARCA","prov":"SAN MIGUEL","dist":"NIEPOS","sec":"Público","tipo":"Minorista","pu":55,"ei":"Medio","em":"Bajo","di":"Bajo","dm":"Muy Alto","dd":"Medio","ds":"Sí","niv":1},"geometry":{"type":"Point","coordinates":[-79.12925,-6.92723]}},{"type":"Feature","properties":{"id":"0899","n":"","dep":"CAJAMARCA","prov":"SAN MIGUEL","dist":"SAN MIGUEL","sec":"Público","tipo":"Mixto","pu":83,"ei":"Alto","em":"Bajo","di":"Medio","dm":"Muy Alto","dd":"Medio","ds":"Sí","niv":3},"geometry":{"type":"Point","coordinates":[-78.85005,-6.99992]}},{"type":"Feature","properties":{"id":"0905","n":"","dep":"CAJAMARCA","prov":"SAN PABLO","dist":"SAN PABLO","sec":"Público","tipo":"Minorista","pu":40,"ei":"Alto","em":"Bajo","di":"Medio","dm":"Muy Alto","dd":"Medio","ds":"Sí","niv":3},"geometry":{"type":"Point","coordinates":[-78.82272,-7.11677]}},{"type":"Feature","properties":{"id":"0917","n":"","dep":"CAJAMARCA","prov":"SANTA CRUZ","dist":"YAUYUCAN","sec":"Público","tipo":"Minorista","pu":110,"ei":"Bajo","em":"Bajo","di":"Bajo","dm":"Muy Alto","dd":"Medio","ds":"Sí","niv":1},"geometry":{"type":"Point","coordinates":[-78.81793,-6.67779]}},{"type":"Feature","properties":{"id":"1095","n":"","dep":"CUSCO","prov":"ACOMAYO","dist":"ACOMAYO","sec":"Público","tipo":"Minorista","pu":32,"ei":"Bajo","em":"Muy Bajo","di":"Bajo","dm":"Muy Alto","dd":"Muy Alto","ds":"No","niv":1},"geometry":{"type":"Point","coordinates":[-71.6829,-13.91923]}},{"type":"Feature","properties":{"id":"1099","n":"","dep":"CUSCO","prov":"ACOMAYO","dist":"POMACANCHI","sec":"Público","tipo":"Minorista","pu":55,"ei":"Medio","em":"Bajo","di":"Bajo","dm":"Muy Alto","dd":"Muy Alto","ds":"No","niv":1},"geometry":{"type":"Point","coordinates":[-71.57146,-14.034]}},{"type":"Feature","properties":{"id":"1102-A","n":"","dep":"CUSCO","prov":"ANTA","dist":"ANTA","sec":"Público","tipo":"Mixto","pu":85,"ei":"Bajo","em":"Muy Bajo","di":"Medio","dm":"Muy Alto","dd":"Muy Alto","ds":"No","niv":1},"geometry":{"type":"Point","coordinates":[-72.14902,-13.46184]}},{"type":"Feature","properties":{"id":"1102","n":"","dep":"CUSCO","prov":"ANTA","dist":"ANTA","sec":"Privado","tipo":"Mixto","pu":28,"ei":"Medio","em":"Muy Bajo","di":"Medio","dm":"Muy Alto","dd":"Muy Alto","ds":"No","niv":1},"geometry":{"type":"Point","coordinates":[-72.14835,-13.46266]}},{"type":"Feature","properties":{"id":"1108","n":"","dep":"CUSCO","prov":"ANTA","dist":"PUCYURA","sec":"Público","tipo":"Mixto","pu":46,"ei":"Medio","em":"Muy Bajo","di":"Medio","dm":"Alto","dd":"Muy Alto","ds":"No","niv":1},"geometry":{"type":"Point","coordinates":[-72.11084,-13.47974]}},{"type":"Feature","properties":{"id":"1109","n":"","dep":"CUSCO","prov":"ANTA","dist":"ZURITE","sec":"Público","tipo":"Mixto","pu":20,"ei":"Bajo","em":"Bajo","di":"Bajo","dm":"Alto","dd":"Muy Alto","ds":"No","niv":1},"geometry":{"type":"Point","coordinates":[-72.25587,-13.4558]}},{"type":"Feature","properties":{"id":"1110","n":"","dep":"CUSCO","prov":"CALCA","dist":"CALCA","sec":"Público","tipo":"Minorista","pu":620,"ei":"Bajo","em":"Muy Bajo","di":"Medio","dm":"Muy Alto","dd":"Muy Alto","ds":"No","niv":1},"geometry":{"type":"Point","coordinates":[-71.95214,-13.32139]}},{"type":"Feature","properties":{"id":"1111","n":"","dep":"CUSCO","prov":"CALCA","dist":"CALCA","sec":"Público","tipo":"Minorista","pu":30,"ei":"Bajo","em":"Muy Bajo","di":"Medio","dm":"Muy Alto","dd":"Muy Alto","ds":"No","niv":1},"geometry":{"type":"Point","coordinates":[-71.95502,-13.32162]}},{"type":"Feature","properties":{"id":"1113","n":"","dep":"CUSCO","prov":"CALCA","dist":"COYA","sec":"Público","tipo":"Minorista","pu":20,"ei":"Bajo","em":"Muy Bajo","di":"Medio","dm":"Alto","dd":"Muy Alto","ds":"No","niv":1},"geometry":{"type":"Point","coordinates":[-71.90034,-13.38752]}},{"type":"Feature","properties":{"id":"1116","n":"","dep":"CUSCO","prov":"CALCA","dist":"PISAC","sec":"Público","tipo":"Minorista","pu":143,"ei":"Bajo","em":"Muy Bajo","di":"Medio","dm":"Muy Alto","dd":"Muy Alto","ds":"No","niv":1},"geometry":{"type":"Point","coordinates":[-71.84877,-13.42198]}},{"type":"Feature","properties":{"id":"1122","n":"","dep":"CUSCO","prov":"CANAS","dist":"LANGUI","sec":"Público","tipo":"Minorista","pu":18,"ei":"Bajo","em":"Muy Bajo","di":"Medio","dm":"Alto","dd":"Muy Alto","ds":"No","niv":1},"geometry":{"type":"Point","coordinates":[-71.27272,-14.43284]}},{"type":"Feature","properties":{"id":"1129","n":"","dep":"CUSCO","prov":"CANCHIS","dist":"COMBAPATA","sec":"Público","tipo":"Minorista","pu":22,"ei":"Alto","em":"Muy Bajo","di":"Alto","dm":"Alto","dd":"Muy Alto","ds":"No","niv":2},"geometry":{"type":"Point","coordinates":[-71.43007,-14.1023]}},{"type":"Feature","properties":{"id":"1130","n":"","dep":"CUSCO","prov":"CANCHIS","dist":"MARANGANI","sec":"Público","tipo":"Minorista","pu":30,"ei":"Medio","em":"Bajo","di":"Alto","dm":"Alto","dd":"Muy Alto","ds":"No","niv":1},"geometry":{"type":"Point","coordinates":[-71.16715,-14.35713]}},{"type":"Feature","properties":{"id":"1131","n":"","dep":"CUSCO","prov":"CANCHIS","dist":"PITUMARCA","sec":"Público","tipo":"Minorista","pu":30,"ei":"Medio","em":"Muy Bajo","di":"Alto","dm":"Alto","dd":"Muy Alto","ds":"No","niv":1},"geometry":{"type":"Point","coordinates":[-71.41803,-13.98035]}},{"type":"Feature","properties":{"id":"1135","n":"MERCADO CENTRAL DE SICUANI","dep":"CUSCO","prov":"CANCHIS","dist":"SICUANI","sec":"Público","tipo":"Minorista","pu":265,"ei":"Bajo","em":"Muy Bajo","di":"Alto","dm":"Muy Alto","dd":"Muy Alto","ds":"No","niv":1},"geometry":{"type":"Point","coordinates":[-71.22587,-14.27061]}},{"type":"Feature","properties":{"id":"1141","n":"","dep":"CUSCO","prov":"CHUMBIVILCAS","dist":"COLQUEMARCA","sec":"Público","tipo":"Minorista","pu":38,"ei":"Medio","em":"Bajo","di":"Medio","dm":"Alto","dd":"Muy Alto","ds":"No","niv":1},"geometry":{"type":"Point","coordinates":[-72.04143,-14.28449]}},{"type":"Feature","properties":{"id":"1145","n":"","dep":"CUSCO","prov":"CHUMBIVILCAS","dist":"SANTO TOMAS","sec":"Público","tipo":"Minorista","pu":65,"ei":"Alto","em":"Muy Bajo","di":"Alto","dm":"Muy Alto","dd":"Muy Alto","ds":"No","niv":2},"geometry":{"type":"Point","coordinates":[-72.08143,-14.45133]}},{"type":"Feature","properties":{"id":"1146","n":"","dep":"CUSCO","prov":"CHUMBIVILCAS","dist":"VELILLE","sec":"Público","tipo":"Minorista","pu":54,"ei":"Alto","em":"Muy Bajo","di":"Alto","dm":"Alto","dd":"Muy Alto","ds":"No","niv":2},"geometry":{"type":"Point","coordinates":[-71.88609,-14.51157]}},{"type":"Feature","properties":{"id":"1154","n":"MERCADO CASCCAPARO","dep":"CUSCO","prov":"CUSCO","dist":"CUSCO","sec":"Privado","tipo":"Minorista","pu":86,"ei":"Bajo","em":"Muy Bajo","di":"Bajo","dm":"Muy Alto","dd":"Alto","ds":"No","niv":1},"geometry":{"type":"Point","coordinates":[-71.98326,-13.52228]}},{"type":"Feature","properties":{"id":"1149","n":"SAN BLAS","dep":"CUSCO","prov":"CUSCO","dist":"CUSCO","sec":"Público","tipo":"Mixto","pu":150,"ei":"Muy Bajo","em":"Muy Bajo","di":"Bajo","dm":"Muy Alto","dd":"Alto","ds":"No","niv":1},"geometry":{"type":"Point","coordinates":[-71.97267,-13.51546]}},{"type":"Feature","properties":{"id":"1152","n":"ROSASPATA","dep":"CUSCO","prov":"CUSCO","dist":"CUSCO","sec":"Público","tipo":"Mixto","pu":220,"ei":"Muy Bajo","em":"Muy Bajo","di":"Bajo","dm":"Muy Alto","dd":"Alto","ds":"No","niv":1},"geometry":{"type":"Point","coordinates":[-71.96635,-13.51799]}},{"type":"Feature","properties":{"id":"1155","n":"SAN PEDRO","dep":"CUSCO","prov":"CUSCO","dist":"CUSCO","sec":"Público","tipo":"Mixto","pu":506,"ei":"Bajo","em":"Muy Bajo","di":"Bajo","dm":"Muy Alto","dd":"Alto","ds":"No","niv":1},"geometry":{"type":"Point","coordinates":[-71.98273,-13.52037]}},{"type":"Feature","properties":{"id":"1159","n":"MINI MERCADO EL PUEBLO","dep":"CUSCO","prov":"CUSCO","dist":"CUSCO","sec":"Público","tipo":"Minorista","pu":1150,"ei":"Bajo","em":"Muy Bajo","di":"Bajo","dm":"Muy Alto","dd":"Alto","ds":"No","niv":1},"geometry":{"type":"Point","coordinates":[-71.97866,-13.52402]}},{"type":"Feature","properties":{"id":"1160-A","n":"MERCADILLO VIRGEN DE LA NATIVIDAD","dep":"CUSCO","prov":"CUSCO","dist":"CUSCO","sec":"Privado","tipo":"Minorista","pu":20,"ei":"Bajo","em":"Muy Bajo","di":"Bajo","dm":"Muy Alto","dd":"Alto","ds":"No","niv":1},"geometry":{"type":"Point","coordinates":[-71.98012,-13.52333]}},{"type":"Feature","properties":{"id":"1148","n":"MERCADO ZONAL TICA TICA","dep":"CUSCO","prov":"CUSCO","dist":"CUSCO","sec":"Privado","tipo":"Minorista","pu":28,"ei":"Muy Bajo","em":"Muy Bajo","di":"Bajo","dm":"Muy Alto","dd":"Alto","ds":"No","niv":1},"geometry":{"type":"Point","coordinates":[-71.99612,-13.50738]}},{"type":"Feature","properties":{"id":"1157-A","n":"SEÑOR DE CCOLLORYTI","dep":"CUSCO","prov":"CUSCO","dist":"CUSCO","sec":"Privado","tipo":"Minorista","pu":15,"ei":"Bajo","em":"Muy Bajo","di":"Bajo","dm":"Muy Alto","dd":"Alto","ds":"No","niv":1},"geometry":{"type":"Point","coordinates":[-71.98375,-13.52287]}},{"type":"Feature","properties":{"id":"1165","n":"MERCADO DE VINOCANCHON","dep":"CUSCO","prov":"CUSCO","dist":"SAN JERONIMO","sec":"Público","tipo":"Mixto","pu":1008,"ei":"Bajo","em":"Muy Bajo","di":"Medio","dm":"Muy Alto","dd":"Alto","ds":"No","niv":1},"geometry":{"type":"Point","coordinates":[-71.88783,-13.5442]}},{"type":"Feature","properties":{"id":"1165-A","n":"MERCADO DE PRODUCTORES DE SAN JERONIMO","dep":"CUSCO","prov":"CUSCO","dist":"SAN JERONIMO","sec":"Privado","tipo":"Mixto","pu":134,"ei":"Medio","em":"Muy Bajo","di":"Medio","dm":"Muy Alto","dd":"Alto","ds":"No","niv":1},"geometry":{"type":"Point","coordinates":[-71.89111,-13.54874]}},{"type":"Feature","properties":{"id":"1171-B","n":"MERCADITO EL ECONOMICO","dep":"CUSCO","prov":"CUSCO","dist":"SAN SEBASTIAN","sec":"Privado","tipo":"Minorista","pu":88,"ei":"Bajo","em":"Bajo","di":"Medio","dm":"Muy Alto","dd":"Alto","ds":"No","niv":1},"geometry":{"type":"Point","coordinates":[-71.90928,-13.53903]}},{"type":"Feature","properties":{"id":"1167-A","n":"MERCADILLO DE SANTA ANITA","dep":"CUSCO","prov":"CUSCO","dist":"SAN SEBASTIAN","sec":"Público","tipo":"Mixto","pu":120,"ei":"Muy Bajo","em":"Bajo","di":"Medio","dm":"Muy Alto","dd":"Alto","ds":"No","niv":1},"geometry":{"type":"Point","coordinates":[-71.92085,-13.53221]}},{"type":"Feature","properties":{"id":"1171-C","n":"MERCADITO VIRGEN NATIVIDAD","dep":"CUSCO","prov":"CUSCO","dist":"SAN SEBASTIAN","sec":"Privado","tipo":"Mixto","pu":130,"ei":"Bajo","em":"Muy Bajo","di":"Medio","dm":"Muy Alto","dd":"Alto","ds":"No","niv":1},"geometry":{"type":"Point","coordinates":[-71.91098,-13.53939]}},{"type":"Feature","properties":{"id":"1169","n":"MERCADO TANCARNIYOC","dep":"CUSCO","prov":"CUSCO","dist":"SAN SEBASTIAN","sec":"Privado","tipo":"Minorista","pu":17,"ei":"Muy Bajo","em":"Bajo","di":"Medio","dm":"Muy Alto","dd":"Alto","ds":"No","niv":1},"geometry":{"type":"Point","coordinates":[-71.9274,-13.53183]}},{"type":"Feature","properties":{"id":"1171-A","n":"MERCADITO TUPAC AMARU","dep":"CUSCO","prov":"CUSCO","dist":"SAN SEBASTIAN","sec":"Privado","tipo":"Minorista","pu":20,"ei":"Bajo","em":"Bajo","di":"Medio","dm":"Muy Alto","dd":"Alto","ds":"No","niv":1},"geometry":{"type":"Point","coordinates":[-71.90882,-13.53855]}},{"type":"Feature","properties":{"id":"1171-D","n":"MERCADILLO VIRGEN DEL CARMEN","dep":"CUSCO","prov":"CUSCO","dist":"SAN SEBASTIAN","sec":"Privado","tipo":"Minorista","pu":11,"ei":"Bajo","em":"Bajo","di":"Medio","dm":"Muy Alto","dd":"Alto","ds":"No","niv":1},"geometry":{"type":"Point","coordinates":[-71.91095,-13.54124]}},{"type":"Feature","properties":{"id":"1170","n":"MERCADO MODELO DE SAN SEBASTIAN","dep":"CUSCO","prov":"CUSCO","dist":"SAN SEBASTIAN","sec":"Privado","tipo":"Minorista","pu":6,"ei":"Muy Bajo","em":"Bajo","di":"Medio","dm":"Muy Alto","dd":"Alto","ds":"No","niv":1},"geometry":{"type":"Point","coordinates":[-71.93322,-13.53125]}},{"type":"Feature","properties":{"id":"1167","n":"MERCADO DE SANTA ROSA","dep":"CUSCO","prov":"CUSCO","dist":"SAN SEBASTIAN","sec":"Privado","tipo":"Minorista","pu":8,"ei":"Bajo","em":"Bajo","di":"Medio","dm":"Muy Alto","dd":"Alto","ds":"No","niv":1},"geometry":{"type":"Point","coordinates":[-71.91963,-13.53259]}},{"type":"Feature","properties":{"id":"1174","n":"MERCADO ZARZUELA","dep":"CUSCO","prov":"CUSCO","dist":"SANTIAGO","sec":"Privado","tipo":"Mixto","pu":27,"ei":"Muy Bajo","em":"Muy Bajo","di":"Medio","dm":"Muy Alto","dd":"Alto","ds":"No","niv":1},"geometry":{"type":"Point","coordinates":[-71.98386,-13.52818]}},{"type":"Feature","properties":{"id":"1178","n":"MERCADO DE HUANCARO","dep":"CUSCO","prov":"CUSCO","dist":"SANTIAGO","sec":"Público","tipo":"Minorista","pu":200,"ei":"Medio","em":"Muy Bajo","di":"Medio","dm":"Muy Alto","dd":"Alto","ds":"No","niv":1},"geometry":{"type":"Point","coordinates":[-71.98013,-13.53675]}},{"type":"Feature","properties":{"id":"1173","n":"VIRGEN DE COPACABANA","dep":"CUSCO","prov":"CUSCO","dist":"SANTIAGO","sec":"Público","tipo":"Mixto","pu":240,"ei":"Bajo","em":"Muy Bajo","di":"Medio","dm":"Muy Alto","dd":"Alto","ds":"No","niv":1},"geometry":{"type":"Point","coordinates":[-71.98382,-13.52382]}},{"type":"Feature","properties":{"id":"1179","n":"MERCADO","dep":"CUSCO","prov":"CUSCO","dist":"SANTIAGO","sec":"Privado","tipo":"Mayorista","pu":10,"ei":"Bajo","em":"Muy Bajo","di":"Medio","dm":"Muy Alto","dd":"Alto","ds":"No","niv":1},"geometry":{"type":"Point","coordinates":[-71.98095,-13.53666]}},{"type":"Feature","properties":{"id":"1180","n":"RACSA","dep":"CUSCO","prov":"CUSCO","dist":"SANTIAGO","sec":"Privado","tipo":"Mixto","pu":145,"ei":"Bajo","em":"Muy Bajo","di":"Medio","dm":"Muy Alto","dd":"Alto","ds":"No","niv":1},"geometry":{"type":"Point","coordinates":[-71.97343,-13.53071]}},{"type":"Feature","properties":{"id":"1193","n":"MERCADO CENTRAL DE ESPINAR","dep":"CUSCO","prov":"ESPINAR","dist":"ESPINAR","sec":"Público","tipo":"Minorista","pu":720,"ei":"Bajo","em":"Muy Bajo","di":"Alto","dm":"Alto","dd":"Muy Alto","ds":"No","niv":1},"geometry":{"type":"Point","coordinates":[-71.40966,-14.79176]}},{"type":"Feature","properties":{"id":"1209","n":"","dep":"CUSCO","prov":"LA CONVENCION","dist":"ECHARATE","sec":"Público","tipo":"Minorista","pu":60,"ei":"Bajo","em":"Bajo","di":"Alto","dm":"Muy Alto","dd":"Alto","ds":"No","niv":1},"geometry":{"type":"Point","coordinates":[-72.57862,-12.76722]}},{"type":"Feature","properties":{"id":"1210","n":"","dep":"CUSCO","prov":"LA CONVENCION","dist":"HUAYOPATA","sec":"Público","tipo":"Minorista","pu":131,"ei":"Bajo","em":"Bajo","di":"Bajo","dm":"Muy Alto","dd":"Alto","ds":"No","niv":1},"geometry":{"type":"Point","coordinates":[-72.55419,-13.00605]}},{"type":"Feature","properties":{"id":"0692","n":"","dep":"CUSCO","prov":"LA CONVENCION","dist":"KIMBIRI","sec":"Público","tipo":"Minorista","pu":160,"ei":"Alto","em":"Muy Bajo","di":"Alto","dm":"Muy Alto","dd":"Alto","ds":"No","niv":2},"geometry":{"type":"Point","coordinates":[-73.78804,-12.62086]}},{"type":"Feature","properties":{"id":"1211","n":"","dep":"CUSCO","prov":"LA CONVENCION","dist":"MARANURA","sec":"Público","tipo":"Minorista","pu":91,"ei":"Muy Bajo","em":"Muy Bajo","di":"Alto","dm":"Muy Alto","dd":"Alto","ds":"No","niv":1},"geometry":{"type":"Point","coordinates":[-72.66447,-12.96409]}},{"type":"Feature","properties":{"id":"0695","n":"","dep":"CUSCO","prov":"LA CONVENCION","dist":"PICHARI","sec":"Público","tipo":"Minorista","pu":180,"ei":"Alto","em":"Bajo","di":"Alto","dm":"Muy Alto","dd":"Alto","ds":"No","niv":2},"geometry":{"type":"Point","coordinates":[-73.82657,-12.51887]}},{"type":"Feature","properties":{"id":"1213","n":"","dep":"CUSCO","prov":"LA CONVENCION","dist":"QUELLOUNO","sec":"Público","tipo":"Minorista","pu":128,"ei":"Muy Bajo","em":"Bajo","di":"Alto","dm":"Muy Alto","dd":"Alto","ds":"No","niv":1},"geometry":{"type":"Point","coordinates":[-72.55738,-12.63726]}},{"type":"Feature","properties":{"id":"1205","n":"MARACANA","dep":"CUSCO","prov":"LA CONVENCION","dist":"SANTA ANA","sec":"Público","tipo":"Minorista","pu":243,"ei":"Bajo","em":"Muy Bajo","di":"Medio","dm":"Muy Alto","dd":"Alto","ds":"No","niv":1},"geometry":{"type":"Point","coordinates":[-72.69467,-12.86764]}},{"type":"Feature","properties":{"id":"1202","n":"MERCADO MODELO","dep":"CUSCO","prov":"LA CONVENCION","dist":"SANTA ANA","sec":"Público","tipo":"Minorista","pu":221,"ei":"Muy Bajo","em":"Muy Bajo","di":"Medio","dm":"Muy Alto","dd":"Alto","ds":"No","niv":1},"geometry":{"type":"Point","coordinates":[-72.6953,-12.86544]}},{"type":"Feature","properties":{"id":"1214","n":"","dep":"CUSCO","prov":"LA CONVENCION","dist":"SANTA TERESA","sec":"Público","tipo":"Minorista","pu":78,"ei":"Muy Bajo","em":"Bajo","di":"Medio","dm":"Muy Alto","dd":"Muy Alto","ds":"No","niv":1},"geometry":{"type":"Point","coordinates":[-72.5947,-13.12844]}},{"type":"Feature","properties":{"id":"1222","n":"","dep":"CUSCO","prov":"PARURO","dist":"PARURO","sec":"Público","tipo":"Mixto","pu":60,"ei":"Medio","em":"Bajo","di":"Bajo","dm":"Muy Alto","dd":"Alto","ds":"No","niv":1},"geometry":{"type":"Point","coordinates":[-71.84829,-13.76148]}},{"type":"Feature","properties":{"id":"1226","n":"","dep":"CUSCO","prov":"PAUCARTAMBO","dist":"CHALLABAMBA","sec":"Público","tipo":"Minorista","pu":30,"ei":"Muy Bajo","em":"Muy Bajo","di":"Medio","dm":"Muy Alto","dd":"Muy Alto","ds":"No","niv":1},"geometry":{"type":"Point","coordinates":[-71.64922,-13.21172]}},{"type":"Feature","properties":{"id":"1232","n":"","dep":"CUSCO","prov":"PAUCARTAMBO","dist":"PAUCARTAMBO","sec":"Público","tipo":"Mixto","pu":140,"ei":"Medio","em":"Muy Bajo","di":"Medio","dm":"Muy Alto","dd":"Muy Alto","ds":"No","niv":1},"geometry":{"type":"Point","coordinates":[-71.5974,-13.31833]}},{"type":"Feature","properties":{"id":"1233","n":"","dep":"CUSCO","prov":"QUISPICANCHI","dist":"ANDAHUAYLILLAS","sec":"Público","tipo":"Mixto","pu":26,"ei":"Medio","em":"Muy Bajo","di":"Alto","dm":"Muy Alto","dd":"Muy Alto","ds":"No","niv":1},"geometry":{"type":"Point","coordinates":[-71.67379,-13.67118]}},{"type":"Feature","properties":{"id":"1237","n":"","dep":"CUSCO","prov":"QUISPICANCHI","dist":"CUSIPATA","sec":"Público","tipo":"Minorista","pu":67,"ei":"Bajo","em":"Muy Bajo","di":"Medio","dm":"Alto","dd":"Muy Alto","ds":"No","niv":1},"geometry":{"type":"Point","coordinates":[-71.49982,-13.90422]}},{"type":"Feature","properties":{"id":"1241","n":"","dep":"CUSCO","prov":"QUISPICANCHI","dist":"OCONGATE","sec":"Público","tipo":"Mixto","pu":106,"ei":"Alto","em":"Muy Bajo","di":"Alto","dm":"Muy Alto","dd":"Muy Alto","ds":"No","niv":2},"geometry":{"type":"Point","coordinates":[-71.38766,-13.62703]}},{"type":"Feature","properties":{"id":"1243","n":"","dep":"CUSCO","prov":"QUISPICANCHI","dist":"QUIQUIJANA","sec":"Público","tipo":"Minorista","pu":99,"ei":"Alto","em":"Muy Bajo","di":"Alto","dm":"Muy Alto","dd":"Muy Alto","ds":"No","niv":2},"geometry":{"type":"Point","coordinates":[-71.54139,-13.82316]}},{"type":"Feature","properties":{"id":"1244","n":"","dep":"CUSCO","prov":"QUISPICANCHI","dist":"URCOS","sec":"Público","tipo":"Minorista","pu":50,"ei":"Medio","em":"Bajo","di":"Alto","dm":"Muy Alto","dd":"Muy Alto","ds":"No","niv":1},"geometry":{"type":"Point","coordinates":[-71.6252,-13.6884]}},{"type":"Feature","properties":{"id":"1247","n":"","dep":"CUSCO","prov":"URUBAMBA","dist":"MACHUPICCHU","sec":"Público","tipo":"Minorista","pu":95,"ei":"Bajo","em":"Bajo","di":"Bajo","dm":"Muy Alto","dd":"Alto","ds":"No","niv":1},"geometry":{"type":"Point","coordinates":[-72.263,-13.25917]}},{"type":"Feature","properties":{"id":"1249","n":"","dep":"CUSCO","prov":"URUBAMBA","dist":"OLLANTAYTAMBO","sec":"Público","tipo":"Minorista","pu":180,"ei":"Bajo","em":"Bajo","di":"Medio","dm":"Muy Alto","dd":"Muy Alto","ds":"No","niv":1},"geometry":{"type":"Point","coordinates":[-72.26301,-13.25915]}},{"type":"Feature","properties":{"id":"1250-A","n":"","dep":"CUSCO","prov":"URUBAMBA","dist":"URUBAMBA","sec":"Público","tipo":"Minorista","pu":140,"ei":"Bajo","em":"Muy Bajo","di":"Bajo","dm":"Muy Alto","dd":"Alto","ds":"No","niv":1},"geometry":{"type":"Point","coordinates":[-72.11693,-13.30531]}},{"type":"Feature","properties":{"id":"1250","n":"","dep":"CUSCO","prov":"URUBAMBA","dist":"URUBAMBA","sec":"Público","tipo":"Minorista","pu":600,"ei":"Bajo","em":"Muy Bajo","di":"Bajo","dm":"Muy Alto","dd":"Alto","ds":"No","niv":1},"geometry":{"type":"Point","coordinates":[-72.11642,-13.30541]}},{"type":"Feature","properties":{"id":"1253","n":"","dep":"HUANCAVELICA","prov":"ACOBAMBA","dist":"ACOBAMBA","sec":"Público","tipo":"Mixto","pu":130,"ei":"Bajo","em":"Medio","di":"Medio","dm":"Muy Alto","dd":"Alto","ds":"Sí","niv":1},"geometry":{"type":"Point","coordinates":[-74.56972,-12.84531]}},{"type":"Feature","properties":{"id":"1258","n":"","dep":"HUANCAVELICA","prov":"ACOBAMBA","dist":"PAUCARA","sec":"Público","tipo":"Mixto","pu":48,"ei":"Medio","em":"Muy Bajo","di":"Muy Alto","dm":"Muy Alto","dd":"Alto","ds":"Sí","niv":1},"geometry":{"type":"Point","coordinates":[-74.66662,-12.72805]}},{"type":"Feature","properties":{"id":"1269","n":"","dep":"HUANCAVELICA","prov":"ANGARAES","dist":"LIRCAY","sec":"Público","tipo":"Minorista","pu":190,"ei":"Bajo","em":"Medio","di":"Muy Alto","dm":"Muy Alto","dd":"Muy Alto","ds":"Sí","niv":1},"geometry":{"type":"Point","coordinates":[-74.72393,-12.99364]}},{"type":"Feature","properties":{"id":"1276","n":"","dep":"HUANCAVELICA","prov":"CASTROVIRREYNA","dist":"CASTROVIRREYNA","sec":"Público","tipo":"Minorista","pu":24,"ei":"Medio","em":"Medio","di":"Medio","dm":"Muy Alto","dd":"Medio","ds":"Sí","niv":1},"geometry":{"type":"Point","coordinates":[-75.31762,-13.28121]}},{"type":"Feature","properties":{"id":"1288","n":"","dep":"HUANCAVELICA","prov":"CHURCAMPA","dist":"CHURCAMPA","sec":"Público","tipo":"Minorista","pu":12,"ei":"Bajo","em":"Medio","di":"Bajo","dm":"Muy Alto","dd":"Alto","ds":"Sí","niv":1},"geometry":{"type":"Point","coordinates":[-74.38733,-12.74012]}},{"type":"Feature","properties":{"id":"1297","n":"MERCADO DE ABASTOS DE HUANCAVELICA","dep":"HUANCAVELICA","prov":"HUANCAVELICA","dist":"HUANCAVELICA","sec":"Público","tipo":"Minorista","pu":418,"ei":"Alto","em":"Muy Bajo","di":"Alto","dm":"Muy Alto","dd":"Alto","ds":"Sí","niv":3},"geometry":{"type":"Point","coordinates":[-74.97565,-12.78622]}},{"type":"Feature","properties":{"id":"1337","n":"","dep":"HUANCAVELICA","prov":"TAYACAJA","dist":"ACRAQUIA","sec":"Público","tipo":"Minorista","pu":34,"ei":"Alto","em":"Bajo","di":"Medio","dm":"Muy Alto","dd":"Alto","ds":"No","niv":2},"geometry":{"type":"Point","coordinates":[-74.90161,-12.40714]}},{"type":"Feature","properties":{"id":"1339","n":"","dep":"HUANCAVELICA","prov":"TAYACAJA","dist":"COLCABAMBA","sec":"Público","tipo":"Minorista","pu":52,"ei":"Alto","em":"Muy Bajo","di":"Alto","dm":"Muy Alto","dd":"Muy Alto","ds":"Sí","niv":3},"geometry":{"type":"Point","coordinates":[-74.67919,-12.40966]}},{"type":"Feature","properties":{"id":"1353","n":"","dep":"HUANUCO","prov":"AMBO","dist":"AMBO","sec":"Público","tipo":"Minorista","pu":215,"ei":"Alto","em":"Muy Bajo","di":"Alto","dm":"Muy Alto","dd":"Alto","ds":"Sí","niv":3},"geometry":{"type":"Point","coordinates":[-76.20516,-10.12649]}},{"type":"Feature","properties":{"id":"1359","n":"","dep":"HUANUCO","prov":"AMBO","dist":"SAN RAFAEL","sec":"Público","tipo":"Minorista","pu":45,"ei":"Bajo","em":"Medio","di":"Bajo","dm":"Muy Alto","dd":"Alto","ds":"No","niv":1},"geometry":{"type":"Point","coordinates":[-76.183,-10.3396]}},{"type":"Feature","properties":{"id":"1390","n":"MERCADO DE PAUCARBAMBA","dep":"HUANUCO","prov":"HUANUCO","dist":"AMARILIS","sec":"Privado","tipo":"Mixto","pu":177,"ei":"Medio","em":"Bajo","di":"Medio","dm":"Muy Alto","dd":"Alto","ds":"No","niv":1},"geometry":{"type":"Point","coordinates":[-76.24325,-9.94353]}},{"type":"Feature","properties":{"id":"1391","n":"VIRGEN DE FATIMA DEL NIÑO JESUS","dep":"HUANUCO","prov":"HUANUCO","dist":"AMARILIS","sec":"Público","tipo":"Minorista","pu":14,"ei":"Alto","em":"Bajo","di":"Medio","dm":"Muy Alto","dd":"Alto","ds":"No","niv":2},"geometry":{"type":"Point","coordinates":[-76.24237,-9.94968]}},{"type":"Feature","properties":{"id":"1384","n":"ANDINO AMAZONICO","dep":"HUANUCO","prov":"HUANUCO","dist":"AMARILIS","sec":"Público","tipo":"Mixto","pu":83,"ei":"Alto","em":"Muy Bajo","di":"Medio","dm":"Muy Alto","dd":"Alto","ds":"No","niv":2},"geometry":{"type":"Point","coordinates":[-76.2314,-9.91376]}},{"type":"Feature","properties":{"id":"1389","n":"EL BUEN VECINO","dep":"HUANUCO","prov":"HUANUCO","dist":"AMARILIS","sec":"Privado","tipo":"Minorista","pu":33,"ei":"Alto","em":"Bajo","di":"Medio","dm":"Muy Alto","dd":"Alto","ds":"No","niv":2},"geometry":{"type":"Point","coordinates":[-76.24404,-9.93917]}},{"type":"Feature","properties":{"id":"1387","n":"MERCADILLO SECTOR 4 SAN LUIS","dep":"HUANUCO","prov":"HUANUCO","dist":"AMARILIS","sec":"Privado","tipo":"Minorista","pu":9,"ei":"Medio","em":"Bajo","di":"Medio","dm":"Muy Alto","dd":"Alto","ds":"No","niv":1},"geometry":{"type":"Point","coordinates":[-76.23714,-9.94095]}},{"type":"Feature","properties":{"id":"1385","n":"MERCADILLO","dep":"HUANUCO","prov":"HUANUCO","dist":"AMARILIS","sec":"Público","tipo":"Mixto","pu":664,"ei":"Bajo","em":"Bajo","di":"Medio","dm":"Muy Alto","dd":"Alto","ds":"No","niv":1},"geometry":{"type":"Point","coordinates":[-76.23202,-9.92712]}},{"type":"Feature","properties":{"id":"1386","n":"MERCADO SAN LUIS","dep":"HUANUCO","prov":"HUANUCO","dist":"AMARILIS","sec":"Público","tipo":"Minorista","pu":25,"ei":"Alto","em":"Muy Bajo","di":"Medio","dm":"Muy Alto","dd":"Alto","ds":"No","niv":2},"geometry":{"type":"Point","coordinates":[-76.23627,-9.93449]}},{"type":"Feature","properties":{"id":"1410-A","n":"","dep":"HUANUCO","prov":"HUANUCO","dist":"CHINCHAO","sec":"Público","tipo":"Minorista","pu":22,"ei":"Bajo","em":"Bajo","di":"Medio","dm":"Muy Alto","dd":"Alto","ds":"Sí","niv":1},"geometry":{"type":"Point","coordinates":[-76.07123,-9.80087]}},{"type":"Feature","properties":{"id":"1410","n":"","dep":"HUANUCO","prov":"HUANUCO","dist":"CHINCHAO","sec":"Privado","tipo":"Minorista","pu":13,"ei":"Bajo","em":"Bajo","di":"Medio","dm":"Muy Alto","dd":"Alto","ds":"Sí","niv":1},"geometry":{"type":"Point","coordinates":[-76.07097,-9.80129]}},{"type":"Feature","properties":{"id":"1392","n":"MERCADO MAYORISTAS DE PUELLES","dep":"HUANUCO","prov":"HUANUCO","dist":"HUANUCO","sec":"Público","tipo":"Mayorista","pu":451,"ei":"Bajo","em":"Bajo","di":"Medio","dm":"Muy Alto","dd":"Alto","ds":"Sí","niv":1},"geometry":{"type":"Point","coordinates":[-76.24285,-9.91976]}},{"type":"Feature","properties":{"id":"1399","n":"MERCADO MODELO PRIVADO DE HUANUCO","dep":"HUANUCO","prov":"HUANUCO","dist":"HUANUCO","sec":"Privado","tipo":"Minorista","pu":166,"ei":"Alto","em":"Muy Bajo","di":"Medio","dm":"Muy Alto","dd":"Alto","ds":"Sí","niv":3},"geometry":{"type":"Point","coordinates":[-76.24353,-9.92902]}},{"type":"Feature","properties":{"id":"1395","n":"MERCADO VIEJO","dep":"HUANUCO","prov":"HUANUCO","dist":"HUANUCO","sec":"Público","tipo":"Minorista","pu":236,"ei":"Alto","em":"Muy Bajo","di":"Medio","dm":"Muy Alto","dd":"Alto","ds":"Sí","niv":3},"geometry":{"type":"Point","coordinates":[-76.24027,-9.93164]}},{"type":"Feature","properties":{"id":"1398","n":"SAN MARTIN","dep":"HUANUCO","prov":"HUANUCO","dist":"HUANUCO","sec":"Privado","tipo":"Minorista","pu":30,"ei":"Alto","em":"Muy Bajo","di":"Medio","dm":"Muy Alto","dd":"Alto","ds":"Sí","niv":3},"geometry":{"type":"Point","coordinates":[-76.24368,-9.92854]}},{"type":"Feature","properties":{"id":"1401","n":"SAN PABLO","dep":"HUANUCO","prov":"HUANUCO","dist":"HUANUCO","sec":"Privado","tipo":"Minorista","pu":1180,"ei":"Alto","em":"Muy Bajo","di":"Medio","dm":"Muy Alto","dd":"Alto","ds":"Sí","niv":3},"geometry":{"type":"Point","coordinates":[-76.24717,-9.93791]}},{"type":"Feature","properties":{"id":"1393","n":"MERCADO LAS MORAS","dep":"HUANUCO","prov":"HUANUCO","dist":"HUANUCO","sec":"Privado","tipo":"Minorista","pu":25,"ei":"Bajo","em":"Bajo","di":"Medio","dm":"Muy Alto","dd":"Alto","ds":"Sí","niv":1},"geometry":{"type":"Point","coordinates":[-76.23721,-9.92072]}},{"type":"Feature","properties":{"id":"1405-A","n":"ALMACENES","dep":"HUANUCO","prov":"HUANUCO","dist":"PILLCO MARCA","sec":"Privado","tipo":"Minorista","pu":69,"ei":"Alto","em":"Muy Bajo","di":"Medio","dm":"Muy Alto","dd":"Alto","ds":"No","niv":2},"geometry":{"type":"Point","coordinates":[-76.24617,-9.96045]}},{"type":"Feature","properties":{"id":"1407-A","n":"MERCADO MOLLECITO","dep":"HUANUCO","prov":"HUANUCO","dist":"PILLCO MARCA","sec":"Privado","tipo":"Minorista","pu":9,"ei":"Alto","em":"Muy Bajo","di":"Medio","dm":"Muy Alto","dd":"Alto","ds":"No","niv":2},"geometry":{"type":"Point","coordinates":[-76.24908,-9.95428]}},{"type":"Feature","properties":{"id":"1416","n":"","dep":"HUANUCO","prov":"HUANUCO","dist":"SANTA MARIA DEL VALLE","sec":"Privado","tipo":"Minorista","pu":15,"ei":"Bajo","em":"Bajo","di":"Bajo","dm":"Muy Alto","dd":"Alto","ds":"Sí","niv":1},"geometry":{"type":"Point","coordinates":[-76.17097,-9.86286]}},{"type":"Feature","properties":{"id":"1428","n":"","dep":"HUANUCO","prov":"LEONCIO PRADO","dist":"JOSE CRESPO Y CASTILLO","sec":"Público","tipo":"Minorista","pu":355,"ei":"Alto","em":"Muy Bajo","di":"Muy Alto","dm":"Alto","dd":"Alto","ds":"Sí","niv":3},"geometry":{"type":"Point","coordinates":[-76.11789,-8.93244]}},{"type":"Feature","properties":{"id":"1429","n":"","dep":"HUANUCO","prov":"LEONCIO PRADO","dist":"JOSE CRESPO Y CASTILLO","sec":"Privado","tipo":"Minorista","pu":10,"ei":"Alto","em":"Muy Bajo","di":"Muy Alto","dm":"Alto","dd":"Alto","ds":"Sí","niv":3},"geometry":{"type":"Point","coordinates":[-76.11258,-8.93461]}},{"type":"Feature","properties":{"id":"0279","n":"","dep":"HUANUCO","prov":"MARAÑON","dist":"HUACRACHUCO","sec":"Público","tipo":"Minorista","pu":26,"ei":"Bajo","em":"Bajo","di":"Bajo","dm":"Muy Alto","dd":"Alto","ds":"Sí","niv":1},"geometry":{"type":"Point","coordinates":[-77.14867,-8.60544]}},{"type":"Feature","properties":{"id":"1442","n":"","dep":"HUANUCO","prov":"PACHITEA","dist":"CHAGLLA","sec":"Público","tipo":"Minorista","pu":52,"ei":"Bajo","em":"Bajo","di":"Alto","dm":"Muy Alto","dd":"Alto","ds":"No","niv":1},"geometry":{"type":"Point","coordinates":[-75.90371,-9.84459]}},{"type":"Feature","properties":{"id":"1444","n":"","dep":"HUANUCO","prov":"PACHITEA","dist":"PANAO","sec":"Público","tipo":"Minorista","pu":147,"ei":"Bajo","em":"Muy Alto","di":"Bajo","dm":"Muy Alto","dd":"Alto","ds":"Sí","niv":3},"geometry":{"type":"Point","coordinates":[-75.99418,-9.89719]}},{"type":"Feature","properties":{"id":"4209","n":"","dep":"HUANUCO","prov":"PUERTO INCA","dist":"PUERTO INCA","sec":"Público","tipo":"Minorista","pu":35,"ei":"Bajo","em":"Bajo","di":"Muy Alto","dm":"Medio","dd":"Alto","ds":"No","niv":1},"geometry":{"type":"Point","coordinates":[-74.96713,-9.37743]}},{"type":"Feature","properties":{"id":"1446","n":"","dep":"HUANUCO","prov":"YAROWILCA","dist":"APARICIO POMARES","sec":"Público","tipo":"Minorista","pu":19,"ei":"Bajo","em":"Muy Alto","di":"Bajo","dm":"Muy Alto","dd":"Muy Alto","ds":"Sí","niv":3},"geometry":{"type":"Point","coordinates":[-76.64862,-9.74718]}},{"type":"Feature","properties":{"id":"1467-A","n":"MERCADO SANTO DOMINGO N°01","dep":"ICA","prov":"ICA","dist":"ICA","sec":"Privado","tipo":"Minorista","pu":65,"ei":"Muy Alto","em":"Bajo","di":"Muy Alto","dm":"Medio","dd":"Bajo","ds":"Sí","niv":3},"geometry":{"type":"Point","coordinates":[-75.72344,-14.08904]}},{"type":"Feature","properties":{"id":"1467-E","n":"´MERCADO ARENALES","dep":"ICA","prov":"ICA","dist":"ICA","sec":"Privado","tipo":"Mixto","pu":500,"ei":"Muy Alto","em":"Bajo","di":"Muy Alto","dm":"Medio","dd":"Bajo","ds":"Sí","niv":3},"geometry":{"type":"Point","coordinates":[-75.73569,-14.06015]}},{"type":"Feature","properties":{"id":"1467-F","n":"MERCADO SAN ANTONIO","dep":"ICA","prov":"ICA","dist":"ICA","sec":"Privado","tipo":"Minorista","pu":283,"ei":"Muy Alto","em":"Bajo","di":"Muy Alto","dm":"Medio","dd":"Bajo","ds":"Sí","niv":3},"geometry":{"type":"Point","coordinates":[-75.7433,-14.05749]}},{"type":"Feature","properties":{"id":"1467","n":"MERCADO CARLOS RAMOS LOAYZA","dep":"ICA","prov":"ICA","dist":"ICA","sec":"Privado","tipo":"Minorista","pu":114,"ei":"Muy Alto","em":"Bajo","di":"Muy Alto","dm":"Medio","dd":"Bajo","ds":"Sí","niv":3},"geometry":{"type":"Point","coordinates":[-75.72308,-14.07572]}},{"type":"Feature","properties":{"id":"1467-B","n":"MERCADO MODELO","dep":"ICA","prov":"ICA","dist":"ICA","sec":"Privado","tipo":"Mixto","pu":127,"ei":"Muy Alto","em":"Bajo","di":"Muy Alto","dm":"Medio","dd":"Bajo","ds":"Sí","niv":3},"geometry":{"type":"Point","coordinates":[-75.72709,-14.06051]}},{"type":"Feature","properties":{"id":"1467-C","n":"MERCADO LA PALMA","dep":"ICA","prov":"ICA","dist":"ICA","sec":"Privado","tipo":"Mixto","pu":1225,"ei":"Muy Alto","em":"Bajo","di":"Muy Alto","dm":"Medio","dd":"Bajo","ds":"Sí","niv":3},"geometry":{"type":"Point","coordinates":[-75.72875,-14.07128]}},{"type":"Feature","properties":{"id":"1467-D","n":"MERCADO DE RIO","dep":"ICA","prov":"ICA","dist":"ICA","sec":"Privado","tipo":"Mixto","pu":241,"ei":"Muy Alto","em":"Bajo","di":"Muy Alto","dm":"Medio","dd":"Bajo","ds":"Sí","niv":3},"geometry":{"type":"Point","coordinates":[-75.7254,-14.06285]}},{"type":"Feature","properties":{"id":"1467-G","n":"MERCADO EX TERMINAL PESQUERO","dep":"ICA","prov":"ICA","dist":"ICA","sec":"Privado","tipo":"Minorista","pu":198,"ei":"Muy Alto","em":"Bajo","di":"Muy Alto","dm":"Medio","dd":"Bajo","ds":"Sí","niv":3},"geometry":{"type":"Point","coordinates":[-75.72655,-14.06045]}},{"type":"Feature","properties":{"id":"1468-A","n":"","dep":"ICA","prov":"ICA","dist":"LA TINGUIÑA","sec":"Privado","tipo":"Mixto","pu":96,"ei":"Muy Alto","em":"Muy Alto","di":"Muy Alto","dm":"Muy Alto","dd":"Bajo","ds":"Sí","niv":3},"geometry":{"type":"Point","coordinates":[-75.70148,-14.0317]}},{"type":"Feature","properties":{"id":"1468-C","n":"","dep":"ICA","prov":"ICA","dist":"LA TINGUIÑA","sec":"Privado","tipo":"Mixto","pu":94,"ei":"Muy Alto","em":"Muy Alto","di":"Muy Alto","dm":"Muy Alto","dd":"Bajo","ds":"Sí","niv":3},"geometry":{"type":"Point","coordinates":[-75.70146,-14.03231]}},{"type":"Feature","properties":{"id":"1468-B","n":"","dep":"ICA","prov":"ICA","dist":"LA TINGUIÑA","sec":"Privado","tipo":"Minorista","pu":150,"ei":"Muy Alto","em":"Muy Alto","di":"Muy Alto","dm":"Muy Alto","dd":"Bajo","ds":"Sí","niv":3},"geometry":{"type":"Point","coordinates":[-75.70511,-14.03715]}},{"type":"Feature","properties":{"id":"1468","n":"","dep":"ICA","prov":"ICA","dist":"LA TINGUIÑA","sec":"Privado","tipo":"Mixto","pu":170,"ei":"Muy Alto","em":"Muy Alto","di":"Muy Alto","dm":"Muy Alto","dd":"Bajo","ds":"Sí","niv":3},"geometry":{"type":"Point","coordinates":[-75.70994,-14.03922]}},{"type":"Feature","properties":{"id":"1484","n":"MERCADO NASCA VIRGEN DE GUADALUPE","dep":"ICA","prov":"NASCA","dist":"NASCA","sec":"Privado","tipo":"Minorista","pu":85,"ei":"Muy Alto","em":"Bajo","di":"Muy Alto","dm":"Muy Alto","dd":"Alto","ds":"Sí","niv":3},"geometry":{"type":"Point","coordinates":[-74.93799,-14.82877]}},{"type":"Feature","properties":{"id":"1488","n":"MERCADO LA PARADITA","dep":"ICA","prov":"NASCA","dist":"NASCA","sec":"Privado","tipo":"Minorista","pu":45,"ei":"Muy Alto","em":"Bajo","di":"Muy Alto","dm":"Muy Alto","dd":"Alto","ds":"Sí","niv":3},"geometry":{"type":"Point","coordinates":[-74.93707,-14.82979]}},{"type":"Feature","properties":{"id":"1489","n":"MERCADO DE ABASTO VISTA ALEGRE","dep":"ICA","prov":"NASCA","dist":"VISTA ALEGRE","sec":"Privado","tipo":"Minorista","pu":60,"ei":"Muy Alto","em":"Bajo","di":"Muy Alto","dm":"Alto","dd":"Alto","ds":"Sí","niv":3},"geometry":{"type":"Point","coordinates":[-74.94646,-14.84682]}},{"type":"Feature","properties":{"id":"1491","n":"","dep":"ICA","prov":"PALPA","dist":"PALPA","sec":"Privado","tipo":"Minorista","pu":115,"ei":"Muy Alto","em":"Bajo","di":"Muy Alto","dm":"Alto","dd":"Alto","ds":"Sí","niv":3},"geometry":{"type":"Point","coordinates":[-75.18651,-14.53285]}},{"type":"Feature","properties":{"id":"1497","n":"","dep":"ICA","prov":"PISCO","dist":"INDEPENDENCIA","sec":"Privado","tipo":"Minorista","pu":22,"ei":"Alto","em":"Bajo","di":"Muy Alto","dm":"Muy Alto","dd":"Medio","ds":"Sí","niv":3},"geometry":{"type":"Point","coordinates":[-76.02582,-13.69389]}},{"type":"Feature","properties":{"id":"1504-A","n":"MERCADO DE FRUTAS","dep":"JUNIN","prov":"CHANCHAMAYO","dist":"CHANCHAMAYO","sec":"Privado","tipo":"Minorista","pu":4,"ei":"Bajo","em":"Bajo","di":"Alto","dm":"Muy Alto","dd":"Alto","ds":"Sí","niv":1},"geometry":{"type":"Point","coordinates":[-75.32747,-11.05449]}},{"type":"Feature","properties":{"id":"1504","n":"MERCADO DE FRUTAS","dep":"JUNIN","prov":"CHANCHAMAYO","dist":"CHANCHAMAYO","sec":"Privado","tipo":"Minorista","pu":36,"ei":"Bajo","em":"Bajo","di":"Alto","dm":"Muy Alto","dd":"Alto","ds":"Sí","niv":1},"geometry":{"type":"Point","coordinates":[-75.32747,-11.05447]}},{"type":"Feature","properties":{"id":"1506","n":"MERCADO ECONOMICO","dep":"JUNIN","prov":"CHANCHAMAYO","dist":"CHANCHAMAYO","sec":"Privado","tipo":"Minorista","pu":13,"ei":"Bajo","em":"Bajo","di":"Alto","dm":"Muy Alto","dd":"Alto","ds":"Sí","niv":1},"geometry":{"type":"Point","coordinates":[-75.32781,-11.0571]}},{"type":"Feature","properties":{"id":"1504-B","n":"MERCADO EL OVALO","dep":"JUNIN","prov":"CHANCHAMAYO","dist":"CHANCHAMAYO","sec":"Privado","tipo":"Minorista","pu":4,"ei":"Bajo","em":"Bajo","di":"Alto","dm":"Muy Alto","dd":"Alto","ds":"Sí","niv":1},"geometry":{"type":"Point","coordinates":[-75.32751,-11.05435]}},{"type":"Feature","properties":{"id":"1505","n":"MERCADO PUQUIO","dep":"JUNIN","prov":"CHANCHAMAYO","dist":"CHANCHAMAYO","sec":"Privado","tipo":"Minorista","pu":150,"ei":"Bajo","em":"Bajo","di":"Alto","dm":"Muy Alto","dd":"Alto","ds":"Sí","niv":1},"geometry":{"type":"Point","coordinates":[-75.32618,-11.05439]}},{"type":"Feature","properties":{"id":"1510","n":"","dep":"JUNIN","prov":"CHANCHAMAYO","dist":"PERENE","sec":"Público","tipo":"Minorista","pu":90,"ei":"Alto","em":"Bajo","di":"Muy Alto","dm":"Muy Alto","dd":"Alto","ds":"Sí","niv":3},"geometry":{"type":"Point","coordinates":[-74.87816,-10.92324]}},{"type":"Feature","properties":{"id":"1509-A","n":"","dep":"JUNIN","prov":"CHANCHAMAYO","dist":"PERENE","sec":"Sin clasificar","tipo":"Minorista","pu":121,"ei":"Bajo","em":"Medio","di":"Muy Alto","dm":"Muy Alto","dd":"Alto","ds":"Sí","niv":1},"geometry":{"type":"Point","coordinates":[-75.22645,-10.94787]}},{"type":"Feature","properties":{"id":"1509","n":"","dep":"JUNIN","prov":"CHANCHAMAYO","dist":"PERENE","sec":"Privado","tipo":"Mixto","pu":56,"ei":"Alto","em":"Muy Bajo","di":"Muy Alto","dm":"Muy Alto","dd":"Alto","ds":"Sí","niv":3},"geometry":{"type":"Point","coordinates":[-75.22532,-10.95175]}},{"type":"Feature","properties":{"id":"1513","n":"","dep":"JUNIN","prov":"CHANCHAMAYO","dist":"PICHANAQUI","sec":"Privado","tipo":"Minorista","pu":218,"ei":"Medio","em":"Muy Bajo","di":"Alto","dm":"Muy Alto","dd":"Alto","ds":"Sí","niv":1},"geometry":{"type":"Point","coordinates":[-74.87511,-10.92364]}},{"type":"Feature","properties":{"id":"1511","n":"","dep":"JUNIN","prov":"CHANCHAMAYO","dist":"PICHANAQUI","sec":"Privado","tipo":"Minorista","pu":176,"ei":"Medio","em":"Muy Bajo","di":"Alto","dm":"Muy Alto","dd":"Alto","ds":"Sí","niv":1},"geometry":{"type":"Point","coordinates":[-74.87477,-10.92439]}},{"type":"Feature","properties":{"id":"1512","n":"","dep":"JUNIN","prov":"CHANCHAMAYO","dist":"PICHANAQUI","sec":"Privado","tipo":"Mixto","pu":34,"ei":"Medio","em":"Bajo","di":"Alto","dm":"Muy Alto","dd":"Alto","ds":"Sí","niv":1},"geometry":{"type":"Point","coordinates":[-74.87449,-10.92858]}},{"type":"Feature","properties":{"id":"1515","n":"MERCADO MODELO","dep":"JUNIN","prov":"CHANCHAMAYO","dist":"SAN RAMON","sec":"Público","tipo":"Minorista","pu":205,"ei":"Alto","em":"Muy Bajo","di":"Alto","dm":"Muy Alto","dd":"Alto","ds":"Sí","niv":3},"geometry":{"type":"Point","coordinates":[-75.35504,-11.12067]}},{"type":"Feature","properties":{"id":"1518-A","n":"MERCADO SAN ELIAS","dep":"JUNIN","prov":"CHANCHAMAYO","dist":"SAN RAMON","sec":"Privado","tipo":"Minorista","pu":10,"ei":"Alto","em":"Muy Bajo","di":"Alto","dm":"Muy Alto","dd":"Alto","ds":"Sí","niv":3},"geometry":{"type":"Point","coordinates":[-75.36392,-11.12327]}},{"type":"Feature","properties":{"id":"1519","n":"MERCADO EL MILAGRO","dep":"JUNIN","prov":"CHANCHAMAYO","dist":"SAN RAMON","sec":"Privado","tipo":"Minorista","pu":72,"ei":"Alto","em":"Muy Bajo","di":"Alto","dm":"Muy Alto","dd":"Alto","ds":"Sí","niv":3},"geometry":{"type":"Point","coordinates":[-75.36351,-11.12633]}},{"type":"Feature","properties":{"id":"1517","n":"MERCADO PROGRESO","dep":"JUNIN","prov":"CHANCHAMAYO","dist":"SAN RAMON","sec":"Privado","tipo":"Minorista","pu":6,"ei":"Alto","em":"Muy Bajo","di":"Alto","dm":"Muy Alto","dd":"Alto","ds":"Sí","niv":3},"geometry":{"type":"Point","coordinates":[-75.35663,-11.12327]}},{"type":"Feature","properties":{"id":"1516","n":"MERCADO DON LUCHO","dep":"JUNIN","prov":"CHANCHAMAYO","dist":"SAN RAMON","sec":"Público","tipo":"Minorista","pu":34,"ei":"Alto","em":"Muy Bajo","di":"Alto","dm":"Muy Alto","dd":"Alto","ds":"Sí","niv":3},"geometry":{"type":"Point","coordinates":[-75.35507,-11.12125]}},{"type":"Feature","properties":{"id":"1538","n":"","dep":"JUNIN","prov":"CONCEPCION","dist":"COMAS","sec":"Público","tipo":"Minorista","pu":50,"ei":"Bajo","em":"Bajo","di":"Medio","dm":"Muy Alto","dd":"Muy Alto","ds":"Sí","niv":1},"geometry":{"type":"Point","coordinates":[-75.08202,-11.72078]}},{"type":"Feature","properties":{"id":"1678","n":"","dep":"JUNIN","prov":"SATIPO","dist":"MAZAMARI","sec":"Privado","tipo":"Minorista","pu":140,"ei":"Alto","em":"Muy Bajo","di":"Muy Alto","dm":"Muy Alto","dd":"Alto","ds":"Sí","niv":3},"geometry":{"type":"Point","coordinates":[-74.53235,-11.32659]}},{"type":"Feature","properties":{"id":"1680","n":"","dep":"JUNIN","prov":"SATIPO","dist":"PANGOA","sec":"Público","tipo":"Minorista","pu":300,"ei":"Alto","em":"Bajo","di":"Muy Alto","dm":"Muy Alto","dd":"Alto","ds":"Sí","niv":3},"geometry":{"type":"Point","coordinates":[-74.48701,-11.42821]}},{"type":"Feature","properties":{"id":"1681","n":"","dep":"JUNIN","prov":"SATIPO","dist":"RIO NEGRO","sec":"Público","tipo":"Minorista","pu":21,"ei":"Medio","em":"Muy Bajo","di":"Alto","dm":"Muy Alto","dd":"Muy Alto","ds":"Sí","niv":1},"geometry":{"type":"Point","coordinates":[-74.66066,-11.20924]}},{"type":"Feature","properties":{"id":"1683","n":"MERCADO LA ESPERANZA","dep":"JUNIN","prov":"SATIPO","dist":"SATIPO","sec":"Privado","tipo":"Minorista","pu":33,"ei":"Alto","em":"Muy Bajo","di":"Alto","dm":"Muy Alto","dd":"Alto","ds":"Sí","niv":3},"geometry":{"type":"Point","coordinates":[-74.63818,-11.25348]}},{"type":"Feature","properties":{"id":"1684","n":"MERCADO SELVA CENTRAL","dep":"JUNIN","prov":"SATIPO","dist":"SATIPO","sec":"Privado","tipo":"Minorista","pu":71,"ei":"Alto","em":"Muy Bajo","di":"Alto","dm":"Muy Alto","dd":"Alto","ds":"Sí","niv":3},"geometry":{"type":"Point","coordinates":[-74.63426,-11.25262]}},{"type":"Feature","properties":{"id":"1686-A","n":"MERCADO LAS MALVINAS","dep":"JUNIN","prov":"SATIPO","dist":"SATIPO","sec":"Sin clasificar","tipo":"Minorista","pu":41,"ei":"Alto","em":"Muy Bajo","di":"Alto","dm":"Muy Alto","dd":"Alto","ds":"Sí","niv":3},"geometry":{"type":"Point","coordinates":[-74.63573,-11.25623]}},{"type":"Feature","properties":{"id":"1686","n":"MERCADO MODELO","dep":"JUNIN","prov":"SATIPO","dist":"SATIPO","sec":"Sin clasificar","tipo":"Mixto","pu":44,"ei":"Alto","em":"Muy Bajo","di":"Alto","dm":"Muy Alto","dd":"Alto","ds":"Sí","niv":3},"geometry":{"type":"Point","coordinates":[-74.63546,-11.25562]}},{"type":"Feature","properties":{"id":"1685","n":"MERCADO VIRGEN DE LAS MERCEDES","dep":"JUNIN","prov":"SATIPO","dist":"SATIPO","sec":"Privado","tipo":"Minorista","pu":64,"ei":"Alto","em":"Muy Bajo","di":"Alto","dm":"Muy Alto","dd":"Alto","ds":"Sí","niv":3},"geometry":{"type":"Point","coordinates":[-74.63543,-11.25533]}},{"type":"Feature","properties":{"id":"1688","n":"","dep":"JUNIN","prov":"TARMA","dist":"ACOBAMBA","sec":"Público","tipo":"Mayorista","pu":30,"ei":"Alto","em":"Bajo","di":"Medio","dm":"Muy Alto","dd":"Alto","ds":"Sí","niv":3},"geometry":{"type":"Point","coordinates":[-75.65858,-11.35415]}},{"type":"Feature","properties":{"id":"1690","n":"","dep":"JUNIN","prov":"TARMA","dist":"HUASAHUASI","sec":"Público","tipo":"Minorista","pu":68,"ei":"Bajo","em":"Bajo","di":"Bajo","dm":"Muy Alto","dd":"Alto","ds":"Sí","niv":1},"geometry":{"type":"Point","coordinates":[-75.64916,-11.26503]}},{"type":"Feature","properties":{"id":"1695","n":"","dep":"JUNIN","prov":"TARMA","dist":"TAPO","sec":"Público","tipo":"Minorista","pu":9,"ei":"Medio","em":"Muy Alto","di":"Bajo","dm":"Muy Alto","dd":"Alto","ds":"Sí","niv":3},"geometry":{"type":"Point","coordinates":[-75.56417,-11.38945]}},{"type":"Feature","properties":{"id":"1699","n":"MERCADO DE FLORES","dep":"JUNIN","prov":"TARMA","dist":"TARMA","sec":"Público","tipo":"Minorista","pu":97,"ei":"Bajo","em":"Bajo","di":"Medio","dm":"Muy Alto","dd":"Alto","ds":"Sí","niv":1},"geometry":{"type":"Point","coordinates":[-75.68594,-11.41634]}},{"type":"Feature","properties":{"id":"1696","n":"CENTRO COMERCIAL ASUNCION","dep":"JUNIN","prov":"TARMA","dist":"TARMA","sec":"Público","tipo":"Minorista","pu":30,"ei":"Bajo","em":"Bajo","di":"Medio","dm":"Muy Alto","dd":"Alto","ds":"Sí","niv":1},"geometry":{"type":"Point","coordinates":[-75.68684,-11.41551]}},{"type":"Feature","properties":{"id":"1700","n":"MERCADO MAYORISTA SEÑOR DE MURUHUAY","dep":"JUNIN","prov":"TARMA","dist":"TARMA","sec":"Público","tipo":"Minorista","pu":10,"ei":"Bajo","em":"Bajo","di":"Medio","dm":"Muy Alto","dd":"Alto","ds":"Sí","niv":1},"geometry":{"type":"Point","coordinates":[-75.68503,-11.40247]}},{"type":"Feature","properties":{"id":"1702","n":"MERCADO MODELO","dep":"JUNIN","prov":"TARMA","dist":"TARMA","sec":"Público","tipo":"Minorista","pu":47,"ei":"Medio","em":"Muy Bajo","di":"Medio","dm":"Muy Alto","dd":"Alto","ds":"Sí","niv":1},"geometry":{"type":"Point","coordinates":[-75.6878,-11.41828]}},{"type":"Feature","properties":{"id":"1701","n":"MERCADO 2 DE MAYO","dep":"JUNIN","prov":"TARMA","dist":"TARMA","sec":"Público","tipo":"Mixto","pu":451,"ei":"Medio","em":"Bajo","di":"Medio","dm":"Muy Alto","dd":"Alto","ds":"Sí","niv":1},"geometry":{"type":"Point","coordinates":[-75.68573,-11.41756]}},{"type":"Feature","properties":{"id":"1697","n":"MERCADO DE FRUTAS","dep":"JUNIN","prov":"TARMA","dist":"TARMA","sec":"Público","tipo":"Minorista","pu":175,"ei":"Bajo","em":"Bajo","di":"Medio","dm":"Muy Alto","dd":"Alto","ds":"Sí","niv":1},"geometry":{"type":"Point","coordinates":[-75.68592,-11.41532]}},{"type":"Feature","properties":{"id":"1698","n":"MERCADO DE PESCADOS","dep":"JUNIN","prov":"TARMA","dist":"TARMA","sec":"Público","tipo":"Minorista","pu":180,"ei":"Bajo","em":"Bajo","di":"Medio","dm":"Muy Alto","dd":"Alto","ds":"Sí","niv":1},"geometry":{"type":"Point","coordinates":[-75.68664,-11.41542]}},{"type":"Feature","properties":{"id":"1721","n":"ASOCIACION DE COMERCIANTES DE MERCADO DE ABASTOS 'ROMA'","dep":"LA LIBERTAD","prov":"ASCOPE","dist":"CASA GRANDE","sec":"Privado","tipo":"Minorista","pu":274,"ei":"Alto","di":"Muy Alto","dm":"Alto","dd":"Bajo","ds":"Sí","niv":3},"geometry":{"type":"Point","coordinates":[-79.14634,-7.76556]}},{"type":"Feature","properties":{"id":"1720","n":"ASOCIACION DE COMERCIANTES 1RO DE JULIO","dep":"LA LIBERTAD","prov":"ASCOPE","dist":"CASA GRANDE","sec":"Privado","tipo":"Minorista","pu":25,"ei":"Muy Alto","em":"Bajo","di":"Muy Alto","dm":"Alto","dd":"Bajo","ds":"Sí","niv":3},"geometry":{"type":"Point","coordinates":[-79.18967,-7.74681]}},{"type":"Feature","properties":{"id":"1724","n":"","dep":"LA LIBERTAD","prov":"ASCOPE","dist":"CHICAMA","sec":"Público","tipo":"Minorista","pu":12,"ei":"Alto","di":"Muy Alto","dm":"Alto","dd":"Bajo","ds":"Sí","niv":3},"geometry":{"type":"Point","coordinates":[-79.00702,-7.73482]}},{"type":"Feature","properties":{"id":"1722","n":"","dep":"LA LIBERTAD","prov":"ASCOPE","dist":"CHICAMA","sec":"Privado","tipo":"Minorista","pu":50,"ei":"Muy Alto","di":"Muy Alto","dm":"Alto","dd":"Bajo","ds":"Sí","niv":3},"geometry":{"type":"Point","coordinates":[-79.14696,-7.84478]}},{"type":"Feature","properties":{"id":"1723","n":"","dep":"LA LIBERTAD","prov":"ASCOPE","dist":"CHICAMA","sec":"Público","tipo":"Minorista","pu":102,"ei":"Muy Alto","em":"Bajo","di":"Muy Alto","dm":"Alto","dd":"Bajo","ds":"Sí","niv":3},"geometry":{"type":"Point","coordinates":[-79.16164,-7.83666]}},{"type":"Feature","properties":{"id":"1733","n":"","dep":"LA LIBERTAD","prov":"ASCOPE","dist":"SANTIAGO DE CAO","sec":"Público","tipo":"Minorista","pu":139,"ei":"Muy Alto","di":"Muy Alto","dm":"Bajo","dd":"Bajo","ds":"Sí","niv":3},"geometry":{"type":"Point","coordinates":[-79.22154,-7.88744]}},{"type":"Feature","properties":{"id":"1735","n":"","dep":"LA LIBERTAD","prov":"ASCOPE","dist":"SANTIAGO DE CAO","sec":"Público","tipo":"Minorista","pu":100,"ei":"Alto","di":"Muy Alto","dm":"Bajo","dd":"Bajo","ds":"Sí","niv":3},"geometry":{"type":"Point","coordinates":[-79.20716,-7.92641]}},{"type":"Feature","properties":{"id":"1734","n":"","dep":"LA LIBERTAD","prov":"ASCOPE","dist":"SANTIAGO DE CAO","sec":"Privado","tipo":"Minorista","pu":10,"ei":"Muy Alto","di":"Muy Alto","dm":"Bajo","dd":"Bajo","ds":"Sí","niv":3},"geometry":{"type":"Point","coordinates":[-79.22155,-7.88732]}},{"type":"Feature","properties":{"id":"0773","n":"","dep":"LA LIBERTAD","prov":"BOLIVAR","dist":"BOLIVAR","sec":"Público","tipo":"Minorista","pu":15,"ei":"Bajo","di":"Bajo","dm":"Muy Alto","dd":"Medio","ds":"No","niv":1},"geometry":{"type":"Point","coordinates":[-77.70334,-7.15337]}},{"type":"Feature","properties":{"id":"1744","n":"","dep":"LA LIBERTAD","prov":"GRAN CHIMU","dist":"CASCAS","sec":"Público","tipo":"Minorista","pu":130,"ei":"Alto","em":"Medio","di":"Alto","dm":"Muy Alto","dd":"Bajo","ds":"Sí","niv":3},"geometry":{"type":"Point","coordinates":[-78.81828,-7.4797]}},{"type":"Feature","properties":{"id":"1756","n":"","dep":"LA LIBERTAD","prov":"OTUZCO","dist":"OTUZCO","sec":"Público","tipo":"Minorista","pu":250,"ei":"Alto","di":"Bajo","dm":"Muy Alto","dd":"Medio","ds":"Sí","niv":3},"geometry":{"type":"Point","coordinates":[-78.56351,-7.90358]}},{"type":"Feature","properties":{"id":"1759","n":"","dep":"LA LIBERTAD","prov":"PACASMAYO","dist":"GUADALUPE","sec":"Público","tipo":"Minorista","pu":120,"ei":"Alto","di":"Muy Alto","dm":"Bajo","dd":"Bajo","ds":"Sí","niv":3},"geometry":{"type":"Point","coordinates":[-79.4711,-7.24129]}},{"type":"Feature","properties":{"id":"1761-A","n":"","dep":"LA LIBERTAD","prov":"PACASMAYO","dist":"GUADALUPE","sec":"Público","tipo":"Minorista","pu":100,"ei":"Muy Alto","em":"Bajo","di":"Muy Alto","dm":"Bajo","dd":"Bajo","ds":"Sí","niv":3},"geometry":{"type":"Point","coordinates":[-79.48026,-7.30458]}},{"type":"Feature","properties":{"id":"1772","n":"","dep":"LA LIBERTAD","prov":"PACASMAYO","dist":"SAN PEDRO DE LLOC","sec":"Público","tipo":"Minorista","pu":236,"ei":"Muy Alto","di":"Muy Alto","dm":"Medio","dd":"Bajo","ds":"Sí","niv":3},"geometry":{"type":"Point","coordinates":[-79.50465,-7.42862]}},{"type":"Feature","properties":{"id":"1773","n":"","dep":"LA LIBERTAD","prov":"PACASMAYO","dist":"SAN PEDRO DE LLOC","sec":"Público","tipo":"Minorista","pu":3,"ei":"Muy Alto","em":"Medio","di":"Muy Alto","dm":"Medio","dd":"Bajo","ds":"Sí","niv":3},"geometry":{"type":"Point","coordinates":[-79.48967,-7.38742]}},{"type":"Feature","properties":{"id":"1776-A","n":"","dep":"LA LIBERTAD","prov":"PATAZ","dist":"CHILLIA","sec":"Público","tipo":"Minorista","pu":12,"ei":"Alto","di":"Bajo","dm":"Muy Alto","dd":"Alto","ds":"Sí","niv":3},"geometry":{"type":"Point","coordinates":[-77.51404,-8.12485]}},{"type":"Feature","properties":{"id":"1776","n":"","dep":"LA LIBERTAD","prov":"PATAZ","dist":"CHILLIA","sec":"Público","tipo":"Minorista","pu":18,"ei":"Medio","em":"Bajo","di":"Bajo","dm":"Muy Alto","dd":"Alto","ds":"Sí","niv":1},"geometry":{"type":"Point","coordinates":[-77.51534,-8.12531]}},{"type":"Feature","properties":{"id":"1777","n":"","dep":"LA LIBERTAD","prov":"PATAZ","dist":"HUANCASPATA","sec":"Público","tipo":"Minorista","pu":41,"ei":"Bajo","di":"Bajo","dm":"Muy Alto","dd":"Alto","ds":"Sí","niv":1},"geometry":{"type":"Point","coordinates":[-77.29888,-8.45751]}},{"type":"Feature","properties":{"id":"1781","n":"","dep":"LA LIBERTAD","prov":"PATAZ","dist":"PARCOY","sec":"Público","tipo":"Minorista","pu":25,"ei":"Bajo","em":"Muy Alto","di":"Bajo","dm":"Muy Alto","dd":"Alto","ds":"Sí","niv":3},"geometry":{"type":"Point","coordinates":[-77.47576,-8.02297]}},{"type":"Feature","properties":{"id":"1786-B","n":"","dep":"LA LIBERTAD","prov":"PATAZ","dist":"TAYABAMBA","sec":"Público","tipo":"Minorista","pu":63,"ei":"Medio","di":"Bajo","dm":"Muy Alto","dd":"Alto","ds":"Sí","niv":1},"geometry":{"type":"Point","coordinates":[-77.29547,-8.2766]}},{"type":"Feature","properties":{"id":"1786-A","n":"","dep":"LA LIBERTAD","prov":"PATAZ","dist":"TAYABAMBA","sec":"Público","tipo":"Minorista","pu":50,"ei":"Medio","di":"Bajo","dm":"Muy Alto","dd":"Alto","ds":"Sí","niv":1},"geometry":{"type":"Point","coordinates":[-77.29541,-8.27671]}},{"type":"Feature","properties":{"id":"1786","n":"","dep":"LA LIBERTAD","prov":"PATAZ","dist":"TAYABAMBA","sec":"Público","tipo":"Minorista","pu":6,"ei":"Medio","di":"Bajo","dm":"Muy Alto","dd":"Alto","ds":"Sí","niv":1},"geometry":{"type":"Point","coordinates":[-77.29576,-8.27674]}},{"type":"Feature","properties":{"id":"1792","n":"","dep":"LA LIBERTAD","prov":"SANCHEZ CARRION","dist":"CURGOS","sec":"Público","tipo":"Minorista","pu":62,"ei":"Bajo","em":"Bajo","di":"Medio","dm":"Muy Alto","dd":"Alto","ds":"No","niv":1},"geometry":{"type":"Point","coordinates":[-77.9419,-7.86104]}},{"type":"Feature","properties":{"id":"1793","n":"MERCADO HUAMACHUCO","dep":"LA LIBERTAD","prov":"SANCHEZ CARRION","dist":"HUAMACHUCO","sec":"Público","tipo":"Mixto","pu":289,"ei":"Alto","em":"Muy Bajo","di":"Medio","dm":"Muy Alto","dd":"Medio","ds":"Sí","niv":3},"geometry":{"type":"Point","coordinates":[-78.04661,-7.81145]}},{"type":"Feature","properties":{"id":"1793-A","n":"MERCADO SAN SALVADOR","dep":"LA LIBERTAD","prov":"SANCHEZ CARRION","dist":"HUAMACHUCO","sec":"Privado","tipo":"Minorista","pu":50,"ei":"Alto","em":"Muy Bajo","di":"Medio","dm":"Muy Alto","dd":"Medio","ds":"Sí","niv":3},"geometry":{"type":"Point","coordinates":[-78.03575,-7.81922]}},{"type":"Feature","properties":{"id":"1795","n":"","dep":"LA LIBERTAD","prov":"SANCHEZ CARRION","dist":"SANAGORAN","sec":"Público","tipo":"Minorista","pu":181,"ei":"Bajo","em":"Bajo","di":"Medio","dm":"Muy Alto","dd":"Medio","ds":"Sí","niv":1},"geometry":{"type":"Point","coordinates":[-78.14126,-7.78743]}},{"type":"Feature","properties":{"id":"1799","n":"","dep":"LA LIBERTAD","prov":"SANTIAGO DE CHUCO","dist":"ANGASMARCA","sec":"Público","tipo":"Minorista","pu":63,"ei":"Bajo","em":"Medio","di":"Bajo","dm":"Muy Alto","dd":"Bajo","ds":"No","niv":1},"geometry":{"type":"Point","coordinates":[-78.05588,-8.13138]}},{"type":"Feature","properties":{"id":"1800","n":"","dep":"LA LIBERTAD","prov":"SANTIAGO DE CHUCO","dist":"CACHICADAN","sec":"Público","tipo":"Minorista","pu":66,"ei":"Medio","di":"Bajo","dm":"Muy Alto","dd":"Medio","ds":"No","niv":1},"geometry":{"type":"Point","coordinates":[-78.15025,-8.09324]}},{"type":"Feature","properties":{"id":"1803-B","n":"","dep":"LA LIBERTAD","prov":"SANTIAGO DE CHUCO","dist":"QUIRUVILCA","sec":"Público","tipo":"Minorista","pu":20,"ei":"Bajo","em":"Bajo","di":"Bajo","dm":"Muy Alto","dd":"Medio","ds":"Sí","niv":1},"geometry":{"type":"Point","coordinates":[-78.30994,-8.00119]}},{"type":"Feature","properties":{"id":"1803-A","n":"","dep":"LA LIBERTAD","prov":"SANTIAGO DE CHUCO","dist":"QUIRUVILCA","sec":"Público","tipo":"Minorista","pu":43,"ei":"Bajo","em":"Bajo","di":"Bajo","dm":"Muy Alto","dd":"Medio","ds":"Sí","niv":1},"geometry":{"type":"Point","coordinates":[-78.30997,-8.00122]}},{"type":"Feature","properties":{"id":"1805-A","n":"","dep":"LA LIBERTAD","prov":"SANTIAGO DE CHUCO","dist":"SANTIAGO DE CHUCO","sec":"Privado","tipo":"Minorista","pu":41,"ei":"Medio","di":"Bajo","dm":"Muy Alto","dd":"Medio","ds":"Sí","niv":1},"geometry":{"type":"Point","coordinates":[-78.17218,-8.14571]}},{"type":"Feature","properties":{"id":"1855","n":"MODELO DE LAREDO","dep":"LA LIBERTAD","prov":"TRUJILLO","dist":"LAREDO","sec":"Privado","tipo":"Minorista","pu":300,"ei":"Muy Alto","di":"Muy Alto","dm":"Alto","dd":"Bajo","ds":"Sí","niv":3},"geometry":{"type":"Point","coordinates":[-78.95997,-8.08938]}},{"type":"Feature","properties":{"id":"1854","n":"PLATAFORMA","dep":"LA LIBERTAD","prov":"TRUJILLO","dist":"LAREDO","sec":"Público","tipo":"Minorista","pu":276,"ei":"Muy Alto","di":"Muy Alto","dm":"Alto","dd":"Bajo","ds":"Sí","niv":3},"geometry":{"type":"Point","coordinates":[-78.95965,-8.0885]}},{"type":"Feature","properties":{"id":"1862","n":"","dep":"LA LIBERTAD","prov":"TRUJILLO","dist":"POROTO","sec":"Público","tipo":"Minorista","pu":20,"ei":"Alto","em":"Alto","di":"Medio","dm":"Muy Alto","dd":"Bajo","ds":"Sí","niv":3},"geometry":{"type":"Point","coordinates":[-78.76914,-8.01086]}},{"type":"Feature","properties":{"id":"1864","n":"","dep":"LA LIBERTAD","prov":"TRUJILLO","dist":"SIMBAL","sec":"Público","tipo":"Minorista","pu":20,"ei":"Muy Alto","em":"Bajo","di":"Alto","dm":"Muy Alto","dd":"Bajo","ds":"Sí","niv":3},"geometry":{"type":"Point","coordinates":[-78.8139,-7.97551]}},{"type":"Feature","properties":{"id":"1940-A","n":"","dep":"LA LIBERTAD","prov":"VIRU","dist":"CHAO","sec":"Privado","tipo":"Minorista","pu":193,"ei":"Muy Alto","em":"Bajo","di":"Muy Alto","dm":"Muy Alto","dd":"Bajo","ds":"Sí","niv":3},"geometry":{"type":"Point","coordinates":[-78.67745,-8.54195]}},{"type":"Feature","properties":{"id":"1940-B","n":"","dep":"LA LIBERTAD","prov":"VIRU","dist":"CHAO","sec":"Privado","tipo":"Minorista","pu":35,"ei":"Muy Alto","em":"Bajo","di":"Muy Alto","dm":"Muy Alto","dd":"Bajo","ds":"Sí","niv":3},"geometry":{"type":"Point","coordinates":[-78.67795,-8.54225]}},{"type":"Feature","properties":{"id":"1939","n":"","dep":"LA LIBERTAD","prov":"VIRU","dist":"CHAO","sec":"Privado","tipo":"Minorista","pu":170,"ei":"Muy Alto","em":"Bajo","di":"Muy Alto","dm":"Muy Alto","dd":"Bajo","ds":"Sí","niv":3},"geometry":{"type":"Point","coordinates":[-78.67733,-8.54041]}},{"type":"Feature","properties":{"id":"1944","n":"ASOCIACION COMERCIANTES VICTOR RAUL HAYA DE LA TORRE","dep":"LA LIBERTAD","prov":"VIRU","dist":"VIRU","sec":"Privado","tipo":"Minorista","pu":130,"ei":"Alto","em":"Bajo","di":"Muy Alto","dm":"Muy Alto","dd":"Bajo","ds":"Sí","niv":3},"geometry":{"type":"Point","coordinates":[-78.82191,-8.40638]}},{"type":"Feature","properties":{"id":"1945","n":"MERCADO CENTRAL SAN JOSE","dep":"LA LIBERTAD","prov":"VIRU","dist":"VIRU","sec":"Privado","tipo":"Minorista","pu":107,"ei":"Alto","em":"Bajo","di":"Muy Alto","dm":"Muy Alto","dd":"Bajo","ds":"Sí","niv":3},"geometry":{"type":"Point","coordinates":[-78.73774,-8.44734]}},{"type":"Feature","properties":{"id":"1943","n":"LUIS ALBERTO SANCHEZ","dep":"LA LIBERTAD","prov":"VIRU","dist":"VIRU","sec":"Privado","tipo":"Minorista","pu":300,"ei":"Muy Alto","em":"Bajo","di":"Muy Alto","dm":"Muy Alto","dd":"Bajo","ds":"Sí","niv":3},"geometry":{"type":"Point","coordinates":[-78.77929,-8.42361]}},{"type":"Feature","properties":{"id":"1942","n":"MERCADO MODELO DE VIRU","dep":"LA LIBERTAD","prov":"VIRU","dist":"VIRU","sec":"Privado","tipo":"Minorista","pu":45,"ei":"Alto","di":"Muy Alto","dm":"Muy Alto","dd":"Bajo","ds":"Sí","niv":3},"geometry":{"type":"Point","coordinates":[-78.75347,-8.41397]}},{"type":"Feature","properties":{"id":"1947","n":"","dep":"LAMBAYEQUE","prov":"CHICLAYO","dist":"CAYALTI","sec":"Público","tipo":"Minorista","pu":50,"ei":"Muy Alto","em":"Bajo","di":"Muy Alto","dm":"Bajo","dd":"Bajo","ds":"Sí","niv":3},"geometry":{"type":"Point","coordinates":[-79.55932,-6.88976]}},{"type":"Feature","properties":{"id":"1946","n":"","dep":"LAMBAYEQUE","prov":"CHICLAYO","dist":"CAYALTI","sec":"Público","tipo":"Mixto","pu":252,"ei":"Muy Alto","em":"Bajo","di":"Muy Alto","dm":"Bajo","dd":"Bajo","ds":"Sí","niv":3},"geometry":{"type":"Point","coordinates":[-79.56275,-6.89104]}},{"type":"Feature","properties":{"id":"1972","n":"MERCADO SOL DE ORO","dep":"LAMBAYEQUE","prov":"CHICLAYO","dist":"CHICLAYO","sec":"Público","tipo":"Minorista","pu":50,"ei":"Alto","em":"Bajo","di":"Muy Alto","dm":"Bajo","dd":"Bajo","ds":"Sí","niv":3},"geometry":{"type":"Point","coordinates":[-79.86496,-6.78308]}},{"type":"Feature","properties":{"id":"1959","n":"MERCADO 9 DE OCUTBRE","dep":"LAMBAYEQUE","prov":"CHICLAYO","dist":"CHICLAYO","sec":"Público","tipo":"Minorista","pu":910,"ei":"Muy Alto","em":"Bajo","di":"Muy Alto","dm":"Bajo","dd":"Bajo","ds":"Sí","niv":3},"geometry":{"type":"Point","coordinates":[-79.86303,-6.77579]}},{"type":"Feature","properties":{"id":"1948","n":"MERCADO LA PRIMAVERA","dep":"LAMBAYEQUE","prov":"CHICLAYO","dist":"CHICLAYO","sec":"Público","tipo":"Minorista","pu":524,"ei":"Muy Alto","em":"Bajo","di":"Muy Alto","dm":"Bajo","dd":"Bajo","ds":"Sí","niv":3},"geometry":{"type":"Point","coordinates":[-79.85453,-6.76441]}},{"type":"Feature","properties":{"id":"1953","n":"COOPERATIVA DE SERVICIOS MULTIPLES MERCADO BOLOGNESI LTDA","dep":"LAMBAYEQUE","prov":"CHICLAYO","dist":"CHICLAYO","sec":"Público","tipo":"Minorista","pu":98,"ei":"Muy Alto","em":"Bajo","di":"Muy Alto","dm":"Bajo","dd":"Bajo","ds":"Sí","niv":3},"geometry":{"type":"Point","coordinates":[-79.83228,-6.77581]}},{"type":"Feature","properties":{"id":"1950","n":"MERCADO DE ABASTOS JOSE BALTA","dep":"LAMBAYEQUE","prov":"CHICLAYO","dist":"CHICLAYO","sec":"Privado","tipo":"Minorista","pu":22,"ei":"Muy Alto","em":"Bajo","di":"Muy Alto","dm":"Bajo","dd":"Bajo","ds":"Sí","niv":3},"geometry":{"type":"Point","coordinates":[-79.83212,-6.76368]}},{"type":"Feature","properties":{"id":"1958","n":"MERCADO JOSE ABELARDO QUIÑONES GONZALES","dep":"LAMBAYEQUE","prov":"CHICLAYO","dist":"CHICLAYO","sec":"Público","tipo":"Minorista","pu":512,"ei":"Muy Alto","em":"Bajo","di":"Muy Alto","dm":"Bajo","dd":"Bajo","ds":"Sí","niv":3},"geometry":{"type":"Point","coordinates":[-79.86681,-6.77065]}},{"type":"Feature","properties":{"id":"1967","n":"MERCADITO BUENOS AIRES","dep":"LAMBAYEQUE","prov":"CHICLAYO","dist":"CHICLAYO","sec":"Público","tipo":"Minorista","pu":117,"ei":"Muy Alto","em":"Bajo","di":"Muy Alto","dm":"Bajo","dd":"Bajo","ds":"Sí","niv":3},"geometry":{"type":"Point","coordinates":[-79.8415,-6.77957]}},{"type":"Feature","properties":{"id":"1960","n":"MERCADO SANTA ROSA DE LIMA DEL PUEBLO JOVEN JOSE OLAYA","dep":"LAMBAYEQUE","prov":"CHICLAYO","dist":"CHICLAYO","sec":"Público","tipo":"Minorista","pu":249,"ei":"Muy Alto","em":"Bajo","di":"Muy Alto","dm":"Bajo","dd":"Bajo","ds":"Sí","niv":3},"geometry":{"type":"Point","coordinates":[-79.85355,-6.77137]}},{"type":"Feature","properties":{"id":"1956","n":"MERCADO CENTRAL","dep":"LAMBAYEQUE","prov":"CHICLAYO","dist":"CHICLAYO","sec":"Público","tipo":"Minorista","pu":117,"ei":"Muy Alto","em":"Bajo","di":"Muy Alto","dm":"Bajo","dd":"Bajo","ds":"Sí","niv":3},"geometry":{"type":"Point","coordinates":[-79.83835,-6.77001]}},{"type":"Feature","properties":{"id":"1949","n":"MERCADO MODELO","dep":"LAMBAYEQUE","prov":"CHICLAYO","dist":"CHICLAYO","sec":"Público","tipo":"Minorista","pu":40,"ei":"Muy Alto","em":"Bajo","di":"Muy Alto","dm":"Bajo","dd":"Bajo","ds":"Sí","niv":3},"geometry":{"type":"Point","coordinates":[-79.83877,-6.76644]}},{"type":"Feature","properties":{"id":"1965","n":"MERCADO DIEGO FERRE","dep":"LAMBAYEQUE","prov":"CHICLAYO","dist":"CHICLAYO","sec":"Privado","tipo":"Minorista","pu":30,"ei":"Muy Alto","em":"Bajo","di":"Muy Alto","dm":"Bajo","dd":"Bajo","ds":"Sí","niv":3},"geometry":{"type":"Point","coordinates":[-79.83216,-6.7834]}},{"type":"Feature","properties":{"id":"1951","n":"BENJAMIN GAMARRA","dep":"LAMBAYEQUE","prov":"CHICLAYO","dist":"CHICLAYO","sec":"Público","tipo":"Minorista","pu":114,"ei":"Muy Alto","em":"Bajo","di":"Muy Alto","dm":"Bajo","dd":"Bajo","ds":"Sí","niv":3},"geometry":{"type":"Point","coordinates":[-79.83094,-6.76648]}},{"type":"Feature","properties":{"id":"1952-A","n":"MERCADO CABRERA","dep":"LAMBAYEQUE","prov":"CHICLAYO","dist":"CHICLAYO","sec":"Privado","tipo":"Minorista","pu":15,"ei":"Muy Alto","em":"Bajo","di":"Muy Alto","dm":"Bajo","dd":"Bajo","ds":"Sí","niv":3},"geometry":{"type":"Point","coordinates":[-79.83438,-6.77231]}},{"type":"Feature","properties":{"id":"1969","n":"MERCADO ANA DE LOS ANGELES","dep":"LAMBAYEQUE","prov":"CHICLAYO","dist":"CHICLAYO","sec":"Privado","tipo":"Minorista","pu":20,"ei":"Muy Alto","em":"Bajo","di":"Muy Alto","dm":"Bajo","dd":"Bajo","ds":"Sí","niv":3},"geometry":{"type":"Point","coordinates":[-79.84616,-6.78053]}},{"type":"Feature","properties":{"id":"1967-A","n":"MERCADO MERTRIUM (MERCADITO DE DOÑA EVELYN DE LOPEZ )","dep":"LAMBAYEQUE","prov":"CHICLAYO","dist":"CHICLAYO","sec":"Privado","tipo":"Minorista","pu":200,"ei":"Muy Alto","em":"Bajo","di":"Muy Alto","dm":"Bajo","dd":"Bajo","ds":"Sí","niv":3},"geometry":{"type":"Point","coordinates":[-79.84641,-6.78053]}},{"type":"Feature","properties":{"id":"1971","n":"MERCADO DE COMPRAS","dep":"LAMBAYEQUE","prov":"CHICLAYO","dist":"CHICLAYO","sec":"Privado","tipo":"Minorista","pu":35,"ei":"Muy Alto","em":"Bajo","di":"Muy Alto","dm":"Bajo","dd":"Bajo","ds":"Sí","niv":3},"geometry":{"type":"Point","coordinates":[-79.84596,-6.77608]}},{"type":"Feature","properties":{"id":"1966","n":"MERCADO VICTOR HAYA E LA TORRE","dep":"LAMBAYEQUE","prov":"CHICLAYO","dist":"CHICLAYO","sec":"Privado","tipo":"Minorista","pu":4,"ei":"Muy Alto","em":"Bajo","di":"Muy Alto","dm":"Bajo","dd":"Bajo","ds":"Sí","niv":3},"geometry":{"type":"Point","coordinates":[-79.83564,-6.77651]}},{"type":"Feature","properties":{"id":"1974","n":"","dep":"LAMBAYEQUE","prov":"CHICLAYO","dist":"CHONGOYAPE","sec":"Público","tipo":"Minorista","pu":194,"ei":"Alto","em":"Muy Alto","di":"Muy Alto","dm":"Muy Alto","dd":"Bajo","ds":"Sí","niv":3},"geometry":{"type":"Point","coordinates":[-79.38691,-6.64239]}},{"type":"Feature","properties":{"id":"1996","n":"MERCADO DE ABASTOS DE MONSEFU","dep":"LAMBAYEQUE","prov":"CHICLAYO","dist":"MONSEFU","sec":"Público","tipo":"Mixto","pu":302,"ei":"Muy Alto","em":"Bajo","di":"Muy Alto","dm":"Bajo","dd":"Medio","ds":"Sí","niv":3},"geometry":{"type":"Point","coordinates":[-79.87219,-6.87839]}},{"type":"Feature","properties":{"id":"1996-B","n":"MERCADILLO ZONAL DE TULLUME","dep":"LAMBAYEQUE","prov":"CHICLAYO","dist":"MONSEFU","sec":"Público","tipo":"Minorista","pu":18,"ei":"Muy Alto","em":"Bajo","di":"Muy Alto","dm":"Bajo","dd":"Medio","ds":"Sí","niv":3},"geometry":{"type":"Point","coordinates":[-79.86532,-6.87938]}},{"type":"Feature","properties":{"id":"1996-A","n":"MERCADILLO DE PUEBLO JOVEN BARRANTES","dep":"LAMBAYEQUE","prov":"CHICLAYO","dist":"MONSEFU","sec":"Público","tipo":"Minorista","pu":33,"ei":"Muy Alto","em":"Bajo","di":"Muy Alto","dm":"Bajo","dd":"Medio","ds":"Sí","niv":3},"geometry":{"type":"Point","coordinates":[-79.86939,-6.87471]}},{"type":"Feature","properties":{"id":"2014","n":"","dep":"LAMBAYEQUE","prov":"CHICLAYO","dist":"OYOTUN","sec":"Público","tipo":"Minorista","pu":217,"ei":"Alto","em":"Bajo","di":"Muy Alto","dm":"Alto","dd":"Bajo","ds":"Sí","niv":3},"geometry":{"type":"Point","coordinates":[-79.30306,-6.8472]}},{"type":"Feature","properties":{"id":"2000","n":"MERCADO DE ABASTOS","dep":"LAMBAYEQUE","prov":"CHICLAYO","dist":"PIMENTEL","sec":"Público","tipo":"Minorista","pu":146,"ei":"Muy Alto","em":"Bajo","di":"Muy Alto","dm":"Bajo","dd":"Bajo","ds":"Sí","niv":3},"geometry":{"type":"Point","coordinates":[-79.93569,-6.83497]}},{"type":"Feature","properties":{"id":"2003","n":"","dep":"LAMBAYEQUE","prov":"CHICLAYO","dist":"PUCALA","sec":"Público","tipo":"Minorista","pu":161,"ei":"Muy Alto","em":"Medio","di":"Muy Alto","dm":"Alto","dd":"Bajo","ds":"Sí","niv":3},"geometry":{"type":"Point","coordinates":[-79.60923,-6.78115]}},{"type":"Feature","properties":{"id":"2009","n":"","dep":"LAMBAYEQUE","prov":"CHICLAYO","dist":"SAÑA","sec":"Público","tipo":"Minorista","pu":39,"ei":"Muy Alto","em":"Bajo","di":"Muy Alto","dm":"Bajo","dd":"Bajo","ds":"Sí","niv":3},"geometry":{"type":"Point","coordinates":[-79.60287,-6.81039]}},{"type":"Feature","properties":{"id":"2007","n":"","dep":"LAMBAYEQUE","prov":"CHICLAYO","dist":"SAÑA","sec":"Público","tipo":"Minorista","pu":9,"ei":"Alto","em":"Bajo","di":"Muy Alto","dm":"Bajo","dd":"Bajo","ds":"Sí","niv":3},"geometry":{"type":"Point","coordinates":[-79.58272,-6.92327]}},{"type":"Feature","properties":{"id":"2008","n":"","dep":"LAMBAYEQUE","prov":"CHICLAYO","dist":"SAÑA","sec":"Público","tipo":"Minorista","pu":9,"ei":"Muy Alto","em":"Bajo","di":"Muy Alto","dm":"Bajo","dd":"Bajo","ds":"Sí","niv":3},"geometry":{"type":"Point","coordinates":[-79.63829,-6.81438]}},{"type":"Feature","properties":{"id":"2010","n":"","dep":"LAMBAYEQUE","prov":"CHICLAYO","dist":"TUMAN","sec":"Privado","tipo":"Minorista","pu":86,"ei":"Alto","em":"Bajo","di":"Muy Alto","dm":"Bajo","dd":"Medio","ds":"Sí","niv":3},"geometry":{"type":"Point","coordinates":[-79.70202,-6.74831]}},{"type":"Feature","properties":{"id":"2017-A","n":"MERCADO SANTA LUCIA","dep":"LAMBAYEQUE","prov":"FERREÑAFE","dist":"FERREÑAFE","sec":"Público","tipo":"Mixto","pu":277,"ei":"Muy Alto","em":"Bajo","di":"Muy Alto","dm":"Bajo","dd":"Bajo","ds":"Sí","niv":3},"geometry":{"type":"Point","coordinates":[-79.79164,-6.63678]}},{"type":"Feature","properties":{"id":"2017","n":"MERCADO CENTRAL","dep":"LAMBAYEQUE","prov":"FERREÑAFE","dist":"FERREÑAFE","sec":"Público","tipo":"Minorista","pu":448,"ei":"Muy Alto","em":"Bajo","di":"Muy Alto","dm":"Bajo","dd":"Bajo","ds":"Sí","niv":3},"geometry":{"type":"Point","coordinates":[-79.79165,-6.63678]}},{"type":"Feature","properties":{"id":"2020","n":"","dep":"LAMBAYEQUE","prov":"FERREÑAFE","dist":"PITIPO","sec":"Público","tipo":"Minorista","pu":150,"ei":"Alto","em":"Bajo","di":"Muy Alto","dm":"Medio","dd":"Bajo","ds":"Sí","niv":3},"geometry":{"type":"Point","coordinates":[-79.65154,-6.48379]}},{"type":"Feature","properties":{"id":"2025","n":"","dep":"LAMBAYEQUE","prov":"LAMBAYEQUE","dist":"JAYANCA","sec":"Público","tipo":"Minorista","pu":173,"ei":"Muy Alto","em":"Bajo","di":"Muy Alto","dm":"Bajo","dd":"Bajo","ds":"Sí","niv":3},"geometry":{"type":"Point","coordinates":[-79.82317,-6.39017]}},{"type":"Feature","properties":{"id":"2028","n":"MERCADO PARADITA","dep":"LAMBAYEQUE","prov":"LAMBAYEQUE","dist":"LAMBAYEQUE","sec":"Privado","tipo":"Minorista","pu":16,"ei":"Muy Alto","em":"Bajo","di":"Muy Alto","dm":"Bajo","dd":"Medio","ds":"Sí","niv":3},"geometry":{"type":"Point","coordinates":[-79.90197,-6.70584]}},{"type":"Feature","properties":{"id":"2029","n":"MERCADO MODELO","dep":"LAMBAYEQUE","prov":"LAMBAYEQUE","dist":"LAMBAYEQUE","sec":"Público","tipo":"Minorista","pu":1083,"ei":"Muy Alto","em":"Bajo","di":"Muy Alto","dm":"Bajo","dd":"Medio","ds":"Sí","niv":3},"geometry":{"type":"Point","coordinates":[-79.90278,-6.70523]}},{"type":"Feature","properties":{"id":"2032","n":"","dep":"LAMBAYEQUE","prov":"LAMBAYEQUE","dist":"MORROPE","sec":"Público","tipo":"Minorista","pu":128,"ei":"Alto","em":"Bajo","di":"Muy Alto","dm":"Bajo","dd":"Bajo","ds":"Sí","niv":3},"geometry":{"type":"Point","coordinates":[-80.01244,-6.54154]}},{"type":"Feature","properties":{"id":"2033-A","n":"","dep":"LAMBAYEQUE","prov":"LAMBAYEQUE","dist":"MOTUPE","sec":"Público","tipo":"Minorista","pu":180,"ei":"Alto","em":"Bajo","di":"Muy Alto","dm":"Medio","dd":"Bajo","ds":"Sí","niv":3},"geometry":{"type":"Point","coordinates":[-79.71582,-6.15194]}},{"type":"Feature","properties":{"id":"2034","n":"","dep":"LAMBAYEQUE","prov":"LAMBAYEQUE","dist":"MOTUPE","sec":"Público","tipo":"Minorista","pu":104,"ei":"Alto","em":"Bajo","di":"Muy Alto","dm":"Medio","dd":"Bajo","ds":"Sí","niv":3},"geometry":{"type":"Point","coordinates":[-79.71481,-6.15255]}},{"type":"Feature","properties":{"id":"2035","n":"","dep":"LAMBAYEQUE","prov":"LAMBAYEQUE","dist":"OLMOS","sec":"Público","tipo":"Minorista","pu":564,"ei":"Alto","em":"Bajo","di":"Muy Alto","dm":"Medio","dd":"Bajo","ds":"Sí","niv":3},"geometry":{"type":"Point","coordinates":[-79.74667,-5.98873]}},{"type":"Feature","properties":{"id":"2037","n":"","dep":"LAMBAYEQUE","prov":"LAMBAYEQUE","dist":"SALAS","sec":"Público","tipo":"Minorista","pu":28,"ei":"Alto","em":"Bajo","di":"Alto","dm":"Muy Alto","dd":"Medio","ds":"Sí","niv":3},"geometry":{"type":"Point","coordinates":[-79.60729,-6.27482]}},{"type":"Feature","properties":{"id":"3438","n":"MERCADO MODELO","dep":"LIMA","prov":"BARRANCA","dist":"BARRANCA","sec":"Privado","tipo":"Mixto","pu":7,"ei":"Muy Alto","em":"Bajo","di":"Muy Alto","dm":"Alto","dd":"Bajo","ds":"Sí","niv":3},"geometry":{"type":"Point","coordinates":[-77.76272,-10.75004]}},{"type":"Feature","properties":{"id":"3438-A","n":"MERCADILLO","dep":"LIMA","prov":"BARRANCA","dist":"BARRANCA","sec":"Privado","tipo":"Minorista","pu":236,"ei":"Muy Alto","em":"Bajo","di":"Muy Alto","dm":"Alto","dd":"Bajo","ds":"Sí","niv":3},"geometry":{"type":"Point","coordinates":[-77.76379,-10.74972]}},{"type":"Feature","properties":{"id":"3436-A","n":"MERCADO SOL NACIENTE","dep":"LIMA","prov":"BARRANCA","dist":"BARRANCA","sec":"Privado","tipo":"Mixto","pu":26,"ei":"Muy Alto","em":"Bajo","di":"Muy Alto","dm":"Alto","dd":"Bajo","ds":"Sí","niv":3},"geometry":{"type":"Point","coordinates":[-77.76181,-10.74858]}},{"type":"Feature","properties":{"id":"3435-A","n":"MERCADO JESUS DE BELEN","dep":"LIMA","prov":"BARRANCA","dist":"BARRANCA","sec":"Privado","tipo":"Minorista","pu":133,"ei":"Muy Alto","em":"Bajo","di":"Muy Alto","dm":"Alto","dd":"Bajo","ds":"Sí","niv":3},"geometry":{"type":"Point","coordinates":[-77.76271,-10.74887]}},{"type":"Feature","properties":{"id":"3441-A","n":"MERCADO PARADITA DE LOS PINOS","dep":"LIMA","prov":"BARRANCA","dist":"BARRANCA","sec":"Privado","tipo":"Mixto","pu":50,"ei":"Muy Alto","em":"Bajo","di":"Muy Alto","dm":"Alto","dd":"Bajo","ds":"Sí","niv":3},"geometry":{"type":"Point","coordinates":[-77.75288,-10.74845]}},{"type":"Feature","properties":{"id":"3433","n":"MERCADO BUENA VISTA","dep":"LIMA","prov":"BARRANCA","dist":"BARRANCA","sec":"Público","tipo":"Mixto","pu":1800,"ei":"Alto","em":"Bajo","di":"Muy Alto","dm":"Alto","dd":"Bajo","ds":"Sí","niv":3},"geometry":{"type":"Point","coordinates":[-77.75053,-10.74756]}},{"type":"Feature","properties":{"id":"3432","n":"MINIMERCADO NUEVA ESPERANZA","dep":"LIMA","prov":"BARRANCA","dist":"BARRANCA","sec":"Público","tipo":"Minorista","pu":82,"ei":"Muy Alto","em":"Bajo","di":"Muy Alto","dm":"Alto","dd":"Bajo","ds":"Sí","niv":3},"geometry":{"type":"Point","coordinates":[-77.7624,-10.74764]}},{"type":"Feature","properties":{"id":"3432-A","n":"MERCADO SEÑOR DE MAYO","dep":"LIMA","prov":"BARRANCA","dist":"BARRANCA","sec":"Privado","tipo":"Minorista","pu":39,"ei":"Muy Alto","em":"Bajo","di":"Muy Alto","dm":"Alto","dd":"Bajo","ds":"Sí","niv":3},"geometry":{"type":"Point","coordinates":[-77.76255,-10.74748]}},{"type":"Feature","properties":{"id":"3441","n":"MERCADO ALFONSO UGARTE","dep":"LIMA","prov":"BARRANCA","dist":"BARRANCA","sec":"Privado","tipo":"Mixto","pu":55,"ei":"Muy Alto","em":"Bajo","di":"Muy Alto","dm":"Alto","dd":"Bajo","ds":"Sí","niv":3},"geometry":{"type":"Point","coordinates":[-77.75307,-10.74894]}},{"type":"Feature","properties":{"id":"3437","n":"MERCADILLO AREQUIPA","dep":"LIMA","prov":"BARRANCA","dist":"BARRANCA","sec":"Privado","tipo":"Mixto","pu":150,"ei":"Muy Alto","em":"Bajo","di":"Muy Alto","dm":"Alto","dd":"Bajo","ds":"Sí","niv":3},"geometry":{"type":"Point","coordinates":[-77.76387,-10.74969]}},{"type":"Feature","properties":{"id":"3434-A","n":"MERCADO SEÑOR DE LOS MILAGROS","dep":"LIMA","prov":"BARRANCA","dist":"BARRANCA","sec":"Privado","tipo":"Minorista","pu":24,"ei":"Muy Alto","em":"Bajo","di":"Muy Alto","dm":"Alto","dd":"Bajo","ds":"Sí","niv":3},"geometry":{"type":"Point","coordinates":[-77.76216,-10.74805]}},{"type":"Feature","properties":{"id":"3434","n":"MERCADO SEÑOR DE COCHAS","dep":"LIMA","prov":"BARRANCA","dist":"BARRANCA","sec":"Privado","tipo":"Minorista","pu":22,"ei":"Muy Alto","em":"Bajo","di":"Muy Alto","dm":"Alto","dd":"Bajo","ds":"Sí","niv":3},"geometry":{"type":"Point","coordinates":[-77.76235,-10.74791]}},{"type":"Feature","properties":{"id":"3436","n":"MERCADO EL ANGEL","dep":"LIMA","prov":"BARRANCA","dist":"BARRANCA","sec":"Privado","tipo":"Minorista","pu":8,"ei":"Muy Alto","em":"Bajo","di":"Muy Alto","dm":"Alto","dd":"Bajo","ds":"Sí","niv":3},"geometry":{"type":"Point","coordinates":[-77.7629,-10.74866]}},{"type":"Feature","properties":{"id":"3439-B","n":"MERCADO CESAR VALLEJO","dep":"LIMA","prov":"BARRANCA","dist":"BARRANCA","sec":"Privado","tipo":"Mixto","pu":116,"ei":"Muy Alto","em":"Bajo","di":"Muy Alto","dm":"Alto","dd":"Bajo","ds":"Sí","niv":3},"geometry":{"type":"Point","coordinates":[-77.76122,-10.75293]}},{"type":"Feature","properties":{"id":"3439-A","n":"MERCADO CENTRAL PARTE BAJA","dep":"LIMA","prov":"BARRANCA","dist":"BARRANCA","sec":"Privado","tipo":"Minorista","pu":35,"ei":"Muy Alto","em":"Bajo","di":"Muy Alto","dm":"Alto","dd":"Bajo","ds":"Sí","niv":3},"geometry":{"type":"Point","coordinates":[-77.76111,-10.7529]}},{"type":"Feature","properties":{"id":"3439","n":"MERCADO CENTRAL DE BARRANCA","dep":"LIMA","prov":"BARRANCA","dist":"BARRANCA","sec":"Privado","tipo":"Minorista","pu":42,"ei":"Muy Alto","em":"Bajo","di":"Muy Alto","dm":"Alto","dd":"Bajo","ds":"Sí","niv":3},"geometry":{"type":"Point","coordinates":[-77.76013,-10.75229]}},{"type":"Feature","properties":{"id":"3442","n":"MERCADO MODELO DE PARAMONGA","dep":"LIMA","prov":"BARRANCA","dist":"PARAMONGA","sec":"Privado","tipo":"Minorista","pu":35,"ei":"Muy Alto","em":"Bajo","di":"Muy Alto","dm":"Muy Alto","dd":"Bajo","ds":"Sí","niv":3},"geometry":{"type":"Point","coordinates":[-77.81938,-10.67447]}},{"type":"Feature","properties":{"id":"3444-A","n":"MERCADO VIRGEN DE LA MEDALLA MILAGROSA","dep":"LIMA","prov":"BARRANCA","dist":"PARAMONGA","sec":"Privado","tipo":"Minorista","pu":98,"ei":"Muy Alto","em":"Bajo","di":"Muy Alto","dm":"Muy Alto","dd":"Bajo","ds":"Sí","niv":3},"geometry":{"type":"Point","coordinates":[-77.81885,-10.67674]}},{"type":"Feature","properties":{"id":"3445","n":"MERCADO SANTA ROSA","dep":"LIMA","prov":"BARRANCA","dist":"PARAMONGA","sec":"Privado","tipo":"Minorista","pu":230,"ei":"Muy Alto","em":"Bajo","di":"Muy Alto","dm":"Muy Alto","dd":"Bajo","ds":"Sí","niv":3},"geometry":{"type":"Point","coordinates":[-77.81949,-10.67613]}},{"type":"Feature","properties":{"id":"3444","n":"MERCADO LA PARADA","dep":"LIMA","prov":"BARRANCA","dist":"PARAMONGA","sec":"Privado","tipo":"Minorista","pu":173,"ei":"Muy Alto","em":"Bajo","di":"Muy Alto","dm":"Muy Alto","dd":"Bajo","ds":"Sí","niv":3},"geometry":{"type":"Point","coordinates":[-77.81878,-10.67707]}},{"type":"Feature","properties":{"id":"3443","n":"MERCADO CENTRAL","dep":"LIMA","prov":"BARRANCA","dist":"PARAMONGA","sec":"Privado","tipo":"Minorista","pu":94,"ei":"Muy Alto","em":"Bajo","di":"Muy Alto","dm":"Muy Alto","dd":"Bajo","ds":"Sí","niv":3},"geometry":{"type":"Point","coordinates":[-77.81909,-10.67433]}},{"type":"Feature","properties":{"id":"3448","n":"","dep":"LIMA","prov":"BARRANCA","dist":"PATIVILCA","sec":"Público","tipo":"Minorista","pu":3,"ei":"Alto","em":"Bajo","di":"Muy Alto","dm":"Muy Alto","dd":"Bajo","ds":"Sí","niv":3},"geometry":{"type":"Point","coordinates":[-77.77854,-10.69598]}},{"type":"Feature","properties":{"id":"3447","n":"","dep":"LIMA","prov":"BARRANCA","dist":"PATIVILCA","sec":"Público","tipo":"Mixto","pu":181,"ei":"Muy Alto","em":"Bajo","di":"Muy Alto","dm":"Muy Alto","dd":"Bajo","ds":"Sí","niv":3},"geometry":{"type":"Point","coordinates":[-77.78191,-10.69341]}},{"type":"Feature","properties":{"id":"3452","n":"","dep":"LIMA","prov":"BARRANCA","dist":"SUPE","sec":"Público","tipo":"Minorista","pu":58,"ei":"Muy Alto","em":"Bajo","di":"Muy Alto","dm":"Muy Alto","dd":"Bajo","ds":"Sí","niv":3},"geometry":{"type":"Point","coordinates":[-77.71512,-10.79655]}},{"type":"Feature","properties":{"id":"3455","n":"","dep":"LIMA","prov":"BARRANCA","dist":"SUPE","sec":"Privado","tipo":"Mayorista","pu":25,"ei":"Alto","em":"Muy Bajo","di":"Muy Alto","dm":"Muy Alto","dd":"Bajo","ds":"Sí","niv":3},"geometry":{"type":"Point","coordinates":[-77.69186,-10.85326]}},{"type":"Feature","properties":{"id":"3454-A","n":"","dep":"LIMA","prov":"BARRANCA","dist":"SUPE","sec":"Privado","tipo":"Minorista","pu":16,"ei":"Muy Alto","em":"Bajo","di":"Muy Alto","dm":"Muy Alto","dd":"Bajo","ds":"Sí","niv":3},"geometry":{"type":"Point","coordinates":[-77.71551,-10.79651]}},{"type":"Feature","properties":{"id":"3450","n":"","dep":"LIMA","prov":"BARRANCA","dist":"SUPE","sec":"Público","tipo":"Mixto","pu":138,"ei":"Muy Alto","em":"Bajo","di":"Muy Alto","dm":"Muy Alto","dd":"Bajo","ds":"Sí","niv":3},"geometry":{"type":"Point","coordinates":[-77.71503,-10.79534]}},{"type":"Feature","properties":{"id":"3449","n":"","dep":"LIMA","prov":"BARRANCA","dist":"SUPE","sec":"Privado","tipo":"Minorista","pu":8,"ei":"Alto","em":"Bajo","di":"Muy Alto","dm":"Muy Alto","dd":"Bajo","ds":"Sí","niv":3},"geometry":{"type":"Point","coordinates":[-77.71481,-10.7943]}},{"type":"Feature","properties":{"id":"3451","n":"","dep":"LIMA","prov":"BARRANCA","dist":"SUPE","sec":"Privado","tipo":"Minorista","pu":55,"ei":"Muy Alto","em":"Bajo","di":"Muy Alto","dm":"Muy Alto","dd":"Bajo","ds":"Sí","niv":3},"geometry":{"type":"Point","coordinates":[-77.71512,-10.79595]}},{"type":"Feature","properties":{"id":"3458","n":"","dep":"LIMA","prov":"CAJATAMBO","dist":"CAJATAMBO","sec":"Público","tipo":"Minorista","pu":13,"ei":"Alto","em":"Muy Bajo","di":"Alto","dm":"Muy Alto","dd":"Medio","ds":"No","niv":2},"geometry":{"type":"Point","coordinates":[-76.99314,-10.47332]}},{"type":"Feature","properties":{"id":"3464","n":"","dep":"LIMA","prov":"CANTA","dist":"CANTA","sec":"Privado","tipo":"Minorista","pu":28,"ei":"Bajo","em":"Bajo","di":"Bajo","dm":"Muy Alto","dd":"Medio","ds":"Sí","niv":1},"geometry":{"type":"Point","coordinates":[-76.62363,-11.46884]}},{"type":"Feature","properties":{"id":"3473","n":"","dep":"LIMA","prov":"CAÑETE","dist":"CHILCA","sec":"Público","tipo":"Minorista","pu":74,"ei":"Muy Alto","em":"Bajo","di":"Alto","dm":"Muy Alto","dd":"Bajo","ds":"Sí","niv":3},"geometry":{"type":"Point","coordinates":[-76.73589,-12.51698]}},{"type":"Feature","properties":{"id":"3472","n":"","dep":"LIMA","prov":"CAÑETE","dist":"CHILCA","sec":"Público","tipo":"Minorista","pu":50,"ei":"Muy Alto","em":"Bajo","di":"Alto","dm":"Muy Alto","dd":"Bajo","ds":"Sí","niv":3},"geometry":{"type":"Point","coordinates":[-76.73601,-12.51714]}},{"type":"Feature","properties":{"id":"3471","n":"","dep":"LIMA","prov":"CAÑETE","dist":"CHILCA","sec":"Privado","tipo":"Minorista","pu":18,"ei":"Muy Alto","em":"Bajo","di":"Alto","dm":"Muy Alto","dd":"Bajo","ds":"Sí","niv":3},"geometry":{"type":"Point","coordinates":[-76.73639,-12.51617]}},{"type":"Feature","properties":{"id":"3485","n":"MERCADO MAYORISTA DE TUBERCULO","dep":"LIMA","prov":"CAÑETE","dist":"SAN VICENTE DE CAÑETE","sec":"Público","tipo":"Minorista","pu":580,"ei":"Alto","em":"Bajo","di":"Muy Alto","dm":"Medio","dd":"Bajo","ds":"Sí","niv":3},"geometry":{"type":"Point","coordinates":[-76.34946,-13.06486]}},{"type":"Feature","properties":{"id":"3485-A","n":"MERCADO QUINCE DE MAYO","dep":"LIMA","prov":"CAÑETE","dist":"SAN VICENTE DE CAÑETE","sec":"Privado","tipo":"Mixto","pu":312,"ei":"Alto","em":"Bajo","di":"Muy Alto","dm":"Medio","dd":"Bajo","ds":"Sí","niv":3},"geometry":{"type":"Point","coordinates":[-76.34861,-13.06478]}},{"type":"Feature","properties":{"id":"3486","n":"MERCADO DON MARIANO","dep":"LIMA","prov":"CAÑETE","dist":"SAN VICENTE DE CAÑETE","sec":"Privado","tipo":"Mayorista","pu":236,"ei":"Alto","em":"Bajo","di":"Muy Alto","dm":"Medio","dd":"Bajo","ds":"Sí","niv":3},"geometry":{"type":"Point","coordinates":[-76.34959,-13.06486]}},{"type":"Feature","properties":{"id":"3482","n":"MERCADILLO DE SAN VICENTE","dep":"LIMA","prov":"CAÑETE","dist":"SAN VICENTE DE CAÑETE","sec":"Privado","tipo":"Mayorista","pu":163,"ei":"Alto","em":"Bajo","di":"Muy Alto","dm":"Medio","dd":"Bajo","ds":"Sí","niv":3},"geometry":{"type":"Point","coordinates":[-76.38364,-13.07426]}},{"type":"Feature","properties":{"id":"3483","n":"MERCADO MODELO","dep":"LIMA","prov":"CAÑETE","dist":"SAN VICENTE DE CAÑETE","sec":"Privado","tipo":"Mayorista","pu":53,"ei":"Alto","em":"Bajo","di":"Muy Alto","dm":"Medio","dd":"Bajo","ds":"Sí","niv":3},"geometry":{"type":"Point","coordinates":[-76.385,-13.07572]}},{"type":"Feature","properties":{"id":"3513","n":"MERCADO GARAY","dep":"LIMA","prov":"HUARAL","dist":"HUARAL","sec":"Privado","tipo":"Mayorista","pu":500,"ei":"Muy Alto","em":"Bajo","di":"Muy Alto","dm":"Muy Alto","dd":"Bajo","ds":"Sí","niv":3},"geometry":{"type":"Point","coordinates":[-77.20584,-11.50166]}},{"type":"Feature","properties":{"id":"3516","n":"MERCADO EL PALMO","dep":"LIMA","prov":"HUARAL","dist":"HUARAL","sec":"Privado","tipo":"Minorista","pu":120,"ei":"Alto","em":"Bajo","di":"Muy Alto","dm":"Muy Alto","dd":"Bajo","ds":"Sí","niv":3},"geometry":{"type":"Point","coordinates":[-77.19979,-11.49662]}},{"type":"Feature","properties":{"id":"3508","n":"MERCADO DE FRUTA GARCIA ALONSO","dep":"LIMA","prov":"HUARAL","dist":"HUARAL","sec":"Público","tipo":"Minorista","pu":60,"ei":"Muy Alto","em":"Bajo","di":"Muy Alto","dm":"Muy Alto","dd":"Bajo","ds":"Sí","niv":3},"geometry":{"type":"Point","coordinates":[-77.19735,-11.49786]}},{"type":"Feature","properties":{"id":"3512","n":"MERCADO MODELO","dep":"LIMA","prov":"HUARAL","dist":"HUARAL","sec":"Privado","tipo":"Minorista","pu":1614,"ei":"Muy Alto","em":"Bajo","di":"Muy Alto","dm":"Muy Alto","dd":"Bajo","ds":"Sí","niv":3},"geometry":{"type":"Point","coordinates":[-77.2054,-11.50152]}},{"type":"Feature","properties":{"id":"3512-A","n":"MERCADO DE HORTALIZAS","dep":"LIMA","prov":"HUARAL","dist":"HUARAL","sec":"Privado","tipo":"Minorista","pu":50,"ei":"Muy Alto","em":"Bajo","di":"Muy Alto","dm":"Muy Alto","dd":"Bajo","ds":"Sí","niv":3},"geometry":{"type":"Point","coordinates":[-77.20283,-11.50185]}},{"type":"Feature","properties":{"id":"3519-A","n":"EL ROSARIO","dep":"LIMA","prov":"HUARAL","dist":"HUARAL","sec":"Privado","tipo":"Mayorista","pu":311,"ei":"Alto","em":"Bajo","di":"Muy Alto","dm":"Muy Alto","dd":"Bajo","ds":"Sí","niv":3},"geometry":{"type":"Point","coordinates":[-77.21345,-11.49653]}},{"type":"Feature","properties":{"id":"3509","n":"CARLOS MORA PANRA","dep":"LIMA","prov":"HUARAL","dist":"HUARAL","sec":"Privado","tipo":"Minorista","pu":50,"ei":"Alto","em":"Bajo","di":"Muy Alto","dm":"Muy Alto","dd":"Bajo","ds":"Sí","niv":3},"geometry":{"type":"Point","coordinates":[-77.20032,-11.49366]}},{"type":"Feature","properties":{"id":"3511-A","n":"MERCADO DE ABASTOS DE HUARAL SECCION PLATAFORMA","dep":"LIMA","prov":"HUARAL","dist":"HUARAL","sec":"Privado","tipo":"Minorista","pu":68,"ei":"Alto","em":"Bajo","di":"Muy Alto","dm":"Muy Alto","dd":"Bajo","ds":"Sí","niv":3},"geometry":{"type":"Point","coordinates":[-77.20564,-11.49425]}},{"type":"Feature","properties":{"id":"3511","n":"MERCADO DE ABASTO DE HUARAL","dep":"LIMA","prov":"HUARAL","dist":"HUARAL","sec":"Público","tipo":"Minorista","pu":71,"ei":"Alto","em":"Bajo","di":"Muy Alto","dm":"Muy Alto","dd":"Bajo","ds":"Sí","niv":3},"geometry":{"type":"Point","coordinates":[-77.20519,-11.49409]}},{"type":"Feature","properties":{"id":"3527","n":"","dep":"LIMA","prov":"HUAROCHIRI","dist":"CHICLA","sec":"Privado","tipo":"Minorista","pu":22,"ei":"Bajo","em":"Bajo","di":"Medio","dm":"Muy Alto","dd":"Medio","ds":"Sí","niv":1},"geometry":{"type":"Point","coordinates":[-76.23171,-11.63876]}},{"type":"Feature","properties":{"id":"3529","n":"","dep":"LIMA","prov":"HUAROCHIRI","dist":"MATUCANA","sec":"Público","tipo":"Mixto","pu":50,"ei":"Medio","em":"Bajo","di":"Bajo","dm":"Muy Alto","dd":"Medio","ds":"Sí","niv":1},"geometry":{"type":"Point","coordinates":[-76.3861,-11.84509]}},{"type":"Feature","properties":{"id":"3532","n":"","dep":"LIMA","prov":"HUAROCHIRI","dist":"SAN MATEO","sec":"Público","tipo":"Mixto","pu":36,"ei":"Bajo","em":"Bajo","di":"Medio","dm":"Muy Alto","dd":"Medio","ds":"Sí","niv":1},"geometry":{"type":"Point","coordinates":[-76.29948,-11.7593]}},{"type":"Feature","properties":{"id":"3532-A","n":"","dep":"LIMA","prov":"HUAROCHIRI","dist":"SAN MATEO","sec":"Público","tipo":"Mixto","pu":28,"ei":"Bajo","em":"Bajo","di":"Medio","dm":"Muy Alto","dd":"Medio","ds":"Sí","niv":1},"geometry":{"type":"Point","coordinates":[-76.29927,-11.75921]}},{"type":"Feature","properties":{"id":"3577-A","n":"MARCADO MUNICIPAL DE HUAURA","dep":"LIMA","prov":"HUAURA","dist":"HUAURA","sec":"Público","tipo":"Mixto","pu":331,"ei":"Alto","em":"Muy Bajo","di":"Muy Alto","dm":"Muy Alto","dd":"Bajo","ds":"Sí","niv":3},"geometry":{"type":"Point","coordinates":[-77.60109,-11.07069]}},{"type":"Feature","properties":{"id":"3577-B","n":"SAN MARTIN","dep":"LIMA","prov":"HUAURA","dist":"HUAURA","sec":"Privado","tipo":"Minorista","pu":106,"ei":"Alto","em":"Muy Bajo","di":"Muy Alto","dm":"Muy Alto","dd":"Bajo","ds":"Sí","niv":3},"geometry":{"type":"Point","coordinates":[-77.60117,-11.0708]}},{"type":"Feature","properties":{"id":"3589","n":"","dep":"LIMA","prov":"HUAURA","dist":"LEONCIO PRADO","sec":"Público","tipo":"Mixto","pu":60,"ei":"Bajo","em":"Muy Alto","di":"Bajo","dm":"Muy Alto","dd":"Medio","ds":"Sí","niv":3},"geometry":{"type":"Point","coordinates":[-76.95165,-11.08582]}},{"type":"Feature","properties":{"id":"3581","n":"","dep":"LIMA","prov":"HUAURA","dist":"SAYAN","sec":"Público","tipo":"Minorista","pu":168,"ei":"Muy Alto","em":"Bajo","di":"Muy Alto","dm":"Muy Alto","dd":"Bajo","ds":"Sí","niv":3},"geometry":{"type":"Point","coordinates":[-77.24255,-11.14592]}},{"type":"Feature","properties":{"id":"3580","n":"","dep":"LIMA","prov":"HUAURA","dist":"SAYAN","sec":"Público","tipo":"Minorista","pu":57,"ei":"Alto","em":"Bajo","di":"Muy Alto","dm":"Muy Alto","dd":"Bajo","ds":"Sí","niv":3},"geometry":{"type":"Point","coordinates":[-77.1939,-11.1341]}},{"type":"Feature","properties":{"id":"2191","n":"MERCADO FE Y ESPERANZA","dep":"LIMA","prov":"LIMA","dist":"CARABAYLLO","sec":"Privado","tipo":"Minorista","pu":40,"ei":"Alto","em":"Bajo","di":"Alto","dm":"Muy Alto","dd":"Bajo","ds":"No","niv":2},"geometry":{"type":"Point","coordinates":[-77.0526,-11.82369]}},{"type":"Feature","properties":{"id":"2188-B","n":"MERCADO NUEVA JERUSALEN","dep":"LIMA","prov":"LIMA","dist":"CARABAYLLO","sec":"Privado","tipo":"Minorista","pu":25,"ei":"Medio","em":"Muy Alto","di":"Alto","dm":"Muy Alto","dd":"Bajo","ds":"No","niv":2},"geometry":{"type":"Point","coordinates":[-77.07173,-11.82928]}},{"type":"Feature","properties":{"id":"2210","n":"MERCADO LA FRONTERA","dep":"LIMA","prov":"LIMA","dist":"CARABAYLLO","sec":"Privado","tipo":"Minorista","pu":30,"ei":"Muy Alto","em":"Bajo","di":"Alto","dm":"Muy Alto","dd":"Bajo","ds":"No","niv":2},"geometry":{"type":"Point","coordinates":[-77.03575,-11.88828]}},{"type":"Feature","properties":{"id":"2211","n":"MERCADO SANTA ROSA","dep":"LIMA","prov":"LIMA","dist":"CARABAYLLO","sec":"Privado","tipo":"Minorista","pu":49,"ei":"Muy Alto","em":"Bajo","di":"Alto","dm":"Muy Alto","dd":"Bajo","ds":"No","niv":2},"geometry":{"type":"Point","coordinates":[-77.03373,-11.8905]}},{"type":"Feature","properties":{"id":"2207","n":"MERCADO TAMBO","dep":"LIMA","prov":"LIMA","dist":"CARABAYLLO","sec":"Privado","tipo":"Minorista","pu":110,"ei":"Muy Alto","em":"Bajo","di":"Alto","dm":"Muy Alto","dd":"Bajo","ds":"No","niv":2},"geometry":{"type":"Point","coordinates":[-77.03018,-11.88497]}},{"type":"Feature","properties":{"id":"2186","n":"GRAN MERCADO PLAZA SAN JOSE","dep":"LIMA","prov":"LIMA","dist":"CARABAYLLO","sec":"Privado","tipo":"Minorista","pu":40,"ei":"Medio","em":"Medio","di":"Alto","dm":"Muy Alto","dd":"Bajo","ds":"No","niv":1},"geometry":{"type":"Point","coordinates":[-77.08071,-11.83233]}},{"type":"Feature","properties":{"id":"2188-A","n":"MERCADO SANTA ROSA","dep":"LIMA","prov":"LIMA","dist":"CARABAYLLO","sec":"Privado","tipo":"Minorista","pu":80,"ei":"Medio","em":"Muy Alto","di":"Alto","dm":"Muy Alto","dd":"Bajo","ds":"No","niv":2},"geometry":{"type":"Point","coordinates":[-77.06907,-11.8289]}},{"type":"Feature","properties":{"id":"2220","n":"MERCADO EL ESTABLO","dep":"LIMA","prov":"LIMA","dist":"CARABAYLLO","sec":"Privado","tipo":"Minorista","pu":120,"ei":"Alto","em":"Bajo","di":"Alto","dm":"Muy Alto","dd":"Bajo","ds":"No","niv":2},"geometry":{"type":"Point","coordinates":[-77.03077,-11.90459]}},{"type":"Feature","properties":{"id":"2189","n":"MERCADO LOS VENCEDORES","dep":"LIMA","prov":"LIMA","dist":"CARABAYLLO","sec":"Privado","tipo":"Minorista","pu":58,"ei":"Medio","em":"Medio","di":"Alto","dm":"Muy Alto","dd":"Bajo","ds":"No","niv":1},"geometry":{"type":"Point","coordinates":[-77.04613,-11.81432]}},{"type":"Feature","properties":{"id":"2197","n":"MERCADO EL SOL NACIENTE","dep":"LIMA","prov":"LIMA","dist":"CARABAYLLO","sec":"Privado","tipo":"Minorista","pu":100,"ei":"Alto","em":"Muy Alto","di":"Alto","dm":"Muy Alto","dd":"Bajo","ds":"No","niv":2},"geometry":{"type":"Point","coordinates":[-76.99959,-11.8811]}},{"type":"Feature","properties":{"id":"2217","n":"MERCADO SIEMPRE VIVA","dep":"LIMA","prov":"LIMA","dist":"CARABAYLLO","sec":"Privado","tipo":"Minorista","pu":80,"ei":"Alto","em":"Bajo","di":"Alto","dm":"Muy Alto","dd":"Bajo","ds":"No","niv":2},"geometry":{"type":"Point","coordinates":[-77.03556,-11.89848]}},{"type":"Feature","properties":{"id":"2204","n":"SANTA ROSA DE PUNCHAUCA CARABAYLLO","dep":"LIMA","prov":"LIMA","dist":"CARABAYLLO","sec":"Privado","tipo":"Mixto","pu":800,"ei":"Alto","em":"Bajo","di":"Alto","dm":"Muy Alto","dd":"Bajo","ds":"No","niv":2},"geometry":{"type":"Point","coordinates":[-77.02983,-11.89252]}},{"type":"Feature","properties":{"id":"2221","n":"MERCADO 26 DE ABRIL","dep":"LIMA","prov":"LIMA","dist":"CARABAYLLO","sec":"Privado","tipo":"Minorista","pu":50,"ei":"Alto","em":"Bajo","di":"Alto","dm":"Muy Alto","dd":"Bajo","ds":"No","niv":2},"geometry":{"type":"Point","coordinates":[-77.03151,-11.90499]}},{"type":"Feature","properties":{"id":"2197-A","n":"MERCADO NUEVO PROGRESO","dep":"LIMA","prov":"LIMA","dist":"CARABAYLLO","sec":"Privado","tipo":"Minorista","pu":206,"ei":"Alto","em":"Muy Alto","di":"Alto","dm":"Muy Alto","dd":"Bajo","ds":"No","niv":2},"geometry":{"type":"Point","coordinates":[-77.01395,-11.8731]}},{"type":"Feature","properties":{"id":"2208","n":"MERCADO SEÑOR DE LOS MILAGROS","dep":"LIMA","prov":"LIMA","dist":"CARABAYLLO","sec":"Privado","tipo":"Minorista","pu":20,"ei":"Muy Alto","em":"Bajo","di":"Alto","dm":"Muy Alto","dd":"Bajo","ds":"No","niv":2},"geometry":{"type":"Point","coordinates":[-77.03144,-11.88]}},{"type":"Feature","properties":{"id":"2213","n":"SUPERMERCADO SARITA COLONIA","dep":"LIMA","prov":"LIMA","dist":"CARABAYLLO","sec":"Privado","tipo":"Minorista","pu":48,"ei":"Alto","em":"Bajo","di":"Alto","dm":"Muy Alto","dd":"Bajo","ds":"No","niv":2},"geometry":{"type":"Point","coordinates":[-77.04085,-11.89304]}},{"type":"Feature","properties":{"id":"2214","n":"MERCADO MODELO TUNGASUCA","dep":"LIMA","prov":"LIMA","dist":"CARABAYLLO","sec":"Privado","tipo":"Minorista","pu":90,"ei":"Alto","em":"Bajo","di":"Alto","dm":"Muy Alto","dd":"Bajo","ds":"No","niv":2},"geometry":{"type":"Point","coordinates":[-77.04378,-11.89271]}},{"type":"Feature","properties":{"id":"2215","n":"MERCADO LUCYANA","dep":"LIMA","prov":"LIMA","dist":"CARABAYLLO","sec":"Privado","tipo":"Minorista","pu":100,"ei":"Alto","em":"Bajo","di":"Alto","dm":"Muy Alto","dd":"Bajo","ds":"No","niv":2},"geometry":{"type":"Point","coordinates":[-77.03371,-11.89608]}},{"type":"Feature","properties":{"id":"2198","n":"MERCADO 12 DE AGOSTO","dep":"LIMA","prov":"LIMA","dist":"CARABAYLLO","sec":"Privado","tipo":"Minorista","pu":12,"ei":"Alto","em":"Muy Alto","di":"Alto","dm":"Muy Alto","dd":"Bajo","ds":"No","niv":2},"geometry":{"type":"Point","coordinates":[-77.0151,-11.87664]}},{"type":"Feature","properties":{"id":"2196","n":"MERCADO SANTA ROSA","dep":"LIMA","prov":"LIMA","dist":"CARABAYLLO","sec":"Privado","tipo":"Minorista","pu":71,"ei":"Alto","em":"Muy Alto","di":"Alto","dm":"Muy Alto","dd":"Bajo","ds":"No","niv":2},"geometry":{"type":"Point","coordinates":[-77.0101,-11.87691]}},{"type":"Feature","properties":{"id":"2201","n":"JOSE CARLOS MARIATEGUI","dep":"LIMA","prov":"LIMA","dist":"CARABAYLLO","sec":"Privado","tipo":"Minorista","pu":176,"ei":"Alto","em":"Muy Alto","di":"Alto","dm":"Muy Alto","dd":"Bajo","ds":"No","niv":2},"geometry":{"type":"Point","coordinates":[-77.02255,-11.89261]}},{"type":"Feature","properties":{"id":"2219","n":"MERCADO SAN PEDRO","dep":"LIMA","prov":"LIMA","dist":"CARABAYLLO","sec":"Privado","tipo":"Minorista","pu":39,"ei":"Alto","em":"Bajo","di":"Alto","dm":"Muy Alto","dd":"Bajo","ds":"No","niv":2},"geometry":{"type":"Point","coordinates":[-77.03704,-11.89949]}},{"type":"Feature","properties":{"id":"2199","n":"MERCADO CENTRAL EL PROGRESO","dep":"LIMA","prov":"LIMA","dist":"CARABAYLLO","sec":"Privado","tipo":"Minorista","pu":69,"ei":"Alto","em":"Bajo","di":"Alto","dm":"Muy Alto","dd":"Bajo","ds":"No","niv":2},"geometry":{"type":"Point","coordinates":[-77.01858,-11.87834]}},{"type":"Feature","properties":{"id":"2195","n":"MERCADO 23 DE OCTUBRE","dep":"LIMA","prov":"LIMA","dist":"CARABAYLLO","sec":"Privado","tipo":"Minorista","pu":105,"ei":"Alto","em":"Muy Alto","di":"Alto","dm":"Muy Alto","dd":"Bajo","ds":"No","niv":2},"geometry":{"type":"Point","coordinates":[-77.01514,-11.8721]}},{"type":"Feature","properties":{"id":"2202","n":"MERCADO NRO 1","dep":"LIMA","prov":"LIMA","dist":"CARABAYLLO","sec":"Privado","tipo":"Minorista","pu":38,"ei":"Alto","em":"Bajo","di":"Alto","dm":"Muy Alto","dd":"Bajo","ds":"No","niv":2},"geometry":{"type":"Point","coordinates":[-77.02647,-11.88965]}},{"type":"Feature","properties":{"id":"2229-A","n":"MERCADO LOS GIRASOLES","dep":"LIMA","prov":"LIMA","dist":"CHACLACAYO","sec":"Privado","tipo":"Minorista","pu":49,"ei":"Muy Alto","em":"Bajo","di":"Alto","dm":"Muy Alto","dd":"Bajo","ds":"No","niv":2},"geometry":{"type":"Point","coordinates":[-76.78466,-11.97825]}},{"type":"Feature","properties":{"id":"2226","n":"MERCADO INCA ROCA","dep":"LIMA","prov":"LIMA","dist":"CHACLACAYO","sec":"Privado","tipo":"Minorista","pu":24,"ei":"Muy Alto","em":"Muy Alto","di":"Alto","dm":"Muy Alto","dd":"Bajo","ds":"No","niv":2},"geometry":{"type":"Point","coordinates":[-76.81991,-11.98787]}},{"type":"Feature","properties":{"id":"2230","n":"MERCADO PRIALE PRIALE","dep":"LIMA","prov":"LIMA","dist":"CHACLACAYO","sec":"Privado","tipo":"Minorista","pu":60,"ei":"Muy Alto","em":"Muy Alto","di":"Alto","dm":"Muy Alto","dd":"Bajo","ds":"No","niv":2},"geometry":{"type":"Point","coordinates":[-76.77808,-11.97755]}},{"type":"Feature","properties":{"id":"2232","n":"MERCADO CHACLACAYO","dep":"LIMA","prov":"LIMA","dist":"CHACLACAYO","sec":"Privado","tipo":"Minorista","pu":110,"ei":"Muy Alto","em":"Muy Alto","di":"Alto","dm":"Muy Alto","dd":"Bajo","ds":"No","niv":2},"geometry":{"type":"Point","coordinates":[-76.77282,-11.97633]}},{"type":"Feature","properties":{"id":"2223","n":"MERCADO PRIMERO DE MAYO HUASCATA","dep":"LIMA","prov":"LIMA","dist":"CHACLACAYO","sec":"Privado","tipo":"Minorista","pu":50,"ei":"Alto","em":"Muy Alto","di":"Alto","dm":"Muy Alto","dd":"Bajo","ds":"No","niv":2},"geometry":{"type":"Point","coordinates":[-76.81998,-11.99342]}},{"type":"Feature","properties":{"id":"2228","n":"MERCADO MONITOR HUASCAR","dep":"LIMA","prov":"LIMA","dist":"CHACLACAYO","sec":"Público","tipo":"Minorista","pu":100,"ei":"Alto","em":"Muy Alto","di":"Alto","dm":"Muy Alto","dd":"Bajo","ds":"No","niv":2},"geometry":{"type":"Point","coordinates":[-76.81273,-11.98672]}},{"type":"Feature","properties":{"id":"2227","n":"MERCADO ÑAÑA","dep":"LIMA","prov":"LIMA","dist":"CHACLACAYO","sec":"Privado","tipo":"Minorista","pu":6,"ei":"Alto","em":"Bajo","di":"Alto","dm":"Muy Alto","dd":"Bajo","ds":"No","niv":2},"geometry":{"type":"Point","coordinates":[-76.81914,-11.98583]}},{"type":"Feature","properties":{"id":"2668-A","n":"MERCADO LA PARADITA","dep":"LIMA","prov":"LIMA","dist":"LURIGANCHO","sec":"Privado","tipo":"Minorista","pu":266,"ei":"Alto","em":"Muy Alto","di":"Medio","dm":"Muy Alto","dd":"Bajo","ds":"No","niv":2},"geometry":{"type":"Point","coordinates":[-76.94103,-11.97654]}},{"type":"Feature","properties":{"id":"2654","n":"CORAZON DE JESUS","dep":"LIMA","prov":"LIMA","dist":"LURIGANCHO","sec":"Público","tipo":"Minorista","pu":192,"ei":"Muy Alto","em":"Medio","di":"Medio","dm":"Muy Alto","dd":"Bajo","ds":"No","niv":2},"geometry":{"type":"Point","coordinates":[-76.89986,-11.9867]}},{"type":"Feature","properties":{"id":"2661","n":"MERCADO LA FLORIDA","dep":"LIMA","prov":"LIMA","dist":"LURIGANCHO","sec":"Privado","tipo":"Minorista","pu":90,"ei":"Muy Alto","em":"Medio","di":"Medio","dm":"Muy Alto","dd":"Bajo","ds":"No","niv":2},"geometry":{"type":"Point","coordinates":[-76.92963,-12.03854]}},{"type":"Feature","properties":{"id":"2646","n":"CARAPONGO","dep":"LIMA","prov":"LIMA","dist":"LURIGANCHO","sec":"Privado","tipo":"Minorista","pu":168,"ei":"Alto","em":"Muy Alto","di":"Medio","dm":"Muy Alto","dd":"Bajo","ds":"No","niv":2},"geometry":{"type":"Point","coordinates":[-76.86375,-12.00298]}},{"type":"Feature","properties":{"id":"2666","n":"MERCADO LA ENCALADA","dep":"LIMA","prov":"LIMA","dist":"LURIGANCHO","sec":"Privado","tipo":"Minorista","pu":39,"ei":"Alto","em":"Muy Alto","di":"Medio","dm":"Muy Alto","dd":"Bajo","ds":"No","niv":2},"geometry":{"type":"Point","coordinates":[-76.92355,-12.0024]}},{"type":"Feature","properties":{"id":"2647","n":"FLOR DE OLIVA","dep":"LIMA","prov":"LIMA","dist":"LURIGANCHO","sec":"Privado","tipo":"Minorista","pu":154,"ei":"Alto","em":"Muy Alto","di":"Medio","dm":"Muy Alto","dd":"Bajo","ds":"No","niv":2},"geometry":{"type":"Point","coordinates":[-76.86466,-12.00288]}},{"type":"Feature","properties":{"id":"2670","n":"MERCADO VIRGEN NATIVIDAD","dep":"LIMA","prov":"LIMA","dist":"LURIGANCHO","sec":"Privado","tipo":"Minorista","pu":80,"ei":"Alto","em":"Muy Alto","di":"Medio","dm":"Muy Alto","dd":"Bajo","ds":"No","niv":2},"geometry":{"type":"Point","coordinates":[-76.94157,-11.98035]}},{"type":"Feature","properties":{"id":"2649","n":"MERCADO SAN ANTONIO","dep":"LIMA","prov":"LIMA","dist":"LURIGANCHO","sec":"Privado","tipo":"Minorista","pu":80,"ei":"Alto","em":"Muy Alto","di":"Medio","dm":"Muy Alto","dd":"Bajo","ds":"No","niv":2},"geometry":{"type":"Point","coordinates":[-76.9054,-12.00918]}},{"type":"Feature","properties":{"id":"2669","n":"MERCADO MODELO JICAMARCA","dep":"LIMA","prov":"LIMA","dist":"LURIGANCHO","sec":"Privado","tipo":"Minorista","pu":71,"ei":"Alto","em":"Muy Alto","di":"Medio","dm":"Muy Alto","dd":"Bajo","ds":"No","niv":2},"geometry":{"type":"Point","coordinates":[-76.94167,-11.98102]}},{"type":"Feature","properties":{"id":"2672","n":"MERCADO VIRGEN DEL CARMEN","dep":"LIMA","prov":"LIMA","dist":"LURIGANCHO","sec":"Privado","tipo":"Minorista","pu":17,"ei":"Alto","em":"Alto","di":"Medio","dm":"Muy Alto","dd":"Bajo","ds":"No","niv":2},"geometry":{"type":"Point","coordinates":[-76.95236,-11.99341]}},{"type":"Feature","properties":{"id":"2658","n":"MERCADO LA UNION DE CAJAMARQUILLA","dep":"LIMA","prov":"LIMA","dist":"LURIGANCHO","sec":"Privado","tipo":"Minorista","pu":20,"ei":"Alto","em":"Muy Alto","di":"Medio","dm":"Muy Alto","dd":"Bajo","ds":"No","niv":2},"geometry":{"type":"Point","coordinates":[-76.8973,-11.97449]}},{"type":"Feature","properties":{"id":"2651","n":"MERCADO DIGNIDAD NACIONAL","dep":"LIMA","prov":"LIMA","dist":"LURIGANCHO","sec":"Privado","tipo":"Minorista","pu":66,"ei":"Alto","em":"Muy Alto","di":"Medio","dm":"Muy Alto","dd":"Bajo","ds":"No","niv":2},"geometry":{"type":"Point","coordinates":[-76.90265,-12.01297]}},{"type":"Feature","properties":{"id":"2653","n":"MERCADO DIGNIDAD HUACHIPA","dep":"LIMA","prov":"LIMA","dist":"LURIGANCHO","sec":"Privado","tipo":"Minorista","pu":123,"ei":"Alto","em":"Muy Alto","di":"Medio","dm":"Muy Alto","dd":"Bajo","ds":"No","niv":2},"geometry":{"type":"Point","coordinates":[-76.90141,-12.01364]}},{"type":"Feature","properties":{"id":"2657","n":"VIRGEN  INMACULADA DE LA CONCEPCION","dep":"LIMA","prov":"LIMA","dist":"LURIGANCHO","sec":"Privado","tipo":"Minorista","pu":23,"ei":"Alto","em":"Muy Alto","di":"Medio","dm":"Muy Alto","dd":"Bajo","ds":"No","niv":2},"geometry":{"type":"Point","coordinates":[-76.90892,-11.97955]}},{"type":"Feature","properties":{"id":"2641","n":"MERCADO AVELINO CACERES","dep":"LIMA","prov":"LIMA","dist":"LURIGANCHO","sec":"Privado","tipo":"Minorista","pu":50,"ei":"Alto","em":"Muy Alto","di":"Medio","dm":"Muy Alto","dd":"Bajo","ds":"No","niv":2},"geometry":{"type":"Point","coordinates":[-76.69681,-11.93876]}},{"type":"Feature","properties":{"id":"2643","n":"MERCADO VIRGEN DE COCHARCAS","dep":"LIMA","prov":"LIMA","dist":"LURIGANCHO","sec":"Privado","tipo":"Minorista","pu":9,"ei":"Alto","em":"Muy Alto","di":"Medio","dm":"Muy Alto","dd":"Bajo","ds":"No","niv":2},"geometry":{"type":"Point","coordinates":[-76.70096,-11.94113]}},{"type":"Feature","properties":{"id":"2640","n":"MERCADO SOL DE CHOSICA","dep":"LIMA","prov":"LIMA","dist":"LURIGANCHO","sec":"Privado","tipo":"Minorista","pu":40,"ei":"Alto","em":"Muy Alto","di":"Medio","dm":"Muy Alto","dd":"Bajo","ds":"No","niv":2},"geometry":{"type":"Point","coordinates":[-76.69489,-11.93781]}},{"type":"Feature","properties":{"id":"2637","n":"MERCADO SEÑOR DE LOS MILAGROS","dep":"LIMA","prov":"LIMA","dist":"LURIGANCHO","sec":"Privado","tipo":"Minorista","pu":36,"ei":"Alto","em":"Muy Alto","di":"Medio","dm":"Muy Alto","dd":"Bajo","ds":"No","niv":2},"geometry":{"type":"Point","coordinates":[-76.69229,-11.9349]}},{"type":"Feature","properties":{"id":"2639","n":"MERCADO CENTRAL CORAZON DE JESUS","dep":"LIMA","prov":"LIMA","dist":"LURIGANCHO","sec":"Privado","tipo":"Minorista","pu":25,"ei":"Alto","em":"Muy Alto","di":"Medio","dm":"Muy Alto","dd":"Bajo","ds":"No","niv":2},"geometry":{"type":"Point","coordinates":[-76.6932,-11.93566]}},{"type":"Feature","properties":{"id":"2679","n":"MERCADO SANTA ROSA","dep":"LIMA","prov":"LIMA","dist":"LURIN","sec":"Privado","tipo":"Mixto","pu":156,"ei":"Muy Alto","em":"Bajo","di":"Muy Alto","dm":"Medio","dd":"Bajo","ds":"No","niv":2},"geometry":{"type":"Point","coordinates":[-76.86962,-12.27651]}},{"type":"Feature","properties":{"id":"2680","n":"CENTRO COMERCIAL LURIN","dep":"LIMA","prov":"LIMA","dist":"LURIN","sec":"Privado","tipo":"Minorista","pu":27,"ei":"Muy Alto","em":"Bajo","di":"Muy Alto","dm":"Medio","dd":"Bajo","ds":"No","niv":2},"geometry":{"type":"Point","coordinates":[-76.86912,-12.27675]}},{"type":"Feature","properties":{"id":"2676-A","n":"MERCADO SANTA ROSA","dep":"LIMA","prov":"LIMA","dist":"LURIN","sec":"Privado","tipo":"Minorista","pu":50,"ei":"Alto","em":"Medio","di":"Muy Alto","dm":"Medio","dd":"Bajo","ds":"No","niv":2},"geometry":{"type":"Point","coordinates":[-76.89832,-12.25006]}},{"type":"Feature","properties":{"id":"2681-A","n":"ASOCIACION DE COMERCIANTES SAN ISIDRO LABRADOR LURIN","dep":"LIMA","prov":"LIMA","dist":"LURIN","sec":"Privado","tipo":"Minorista","pu":117,"ei":"Muy Alto","em":"Bajo","di":"Muy Alto","dm":"Medio","dd":"Bajo","ds":"No","niv":2},"geometry":{"type":"Point","coordinates":[-76.86883,-12.27715]}},{"type":"Feature","properties":{"id":"2677-B","n":"LURIN CENTER","dep":"LIMA","prov":"LIMA","dist":"LURIN","sec":"Privado","tipo":"Mixto","pu":448,"ei":"Muy Alto","em":"Bajo","di":"Muy Alto","dm":"Medio","dd":"Bajo","ds":"No","niv":2},"geometry":{"type":"Point","coordinates":[-76.86981,-12.27708]}},{"type":"Feature","properties":{"id":"2677-A","n":"SAN PEDRO","dep":"LIMA","prov":"LIMA","dist":"LURIN","sec":"Privado","tipo":"Minorista","pu":24,"ei":"Muy Alto","em":"Bajo","di":"Muy Alto","dm":"Medio","dd":"Bajo","ds":"No","niv":2},"geometry":{"type":"Point","coordinates":[-76.87033,-12.27661]}},{"type":"Feature","properties":{"id":"2675","n":"SANTISIMO SALVADOR","dep":"LIMA","prov":"LIMA","dist":"LURIN","sec":"Privado","tipo":"Minorista","pu":40,"ei":"Alto","em":"Bajo","di":"Muy Alto","dm":"Medio","dd":"Bajo","ds":"No","niv":2},"geometry":{"type":"Point","coordinates":[-76.89384,-12.2317]}},{"type":"Feature","properties":{"id":"2674","n":"MERCADO SEÑOR DE CAUTIVO","dep":"LIMA","prov":"LIMA","dist":"LURIN","sec":"Privado","tipo":"Minorista","pu":30,"ei":"Alto","em":"Medio","di":"Muy Alto","dm":"Medio","dd":"Bajo","ds":"No","niv":2},"geometry":{"type":"Point","coordinates":[-76.90555,-12.23512]}},{"type":"Feature","properties":{"id":"2682","n":"MERCADO VIRGEN DEL CAMEN","dep":"LIMA","prov":"LIMA","dist":"LURIN","sec":"Privado","tipo":"Minorista","pu":64,"ei":"Muy Alto","em":"Bajo","di":"Muy Alto","dm":"Medio","dd":"Bajo","ds":"No","niv":2},"geometry":{"type":"Point","coordinates":[-76.85367,-12.29025]}},{"type":"Feature","properties":{"id":"2684","n":"CENTRO COMERCIAL ARICA","dep":"LIMA","prov":"LIMA","dist":"LURIN","sec":"Privado","tipo":"Minorista","pu":57,"ei":"Muy Alto","em":"Bajo","di":"Muy Alto","dm":"Medio","dd":"Bajo","ds":"No","niv":2},"geometry":{"type":"Point","coordinates":[-76.85115,-12.29819]}},{"type":"Feature","properties":{"id":"2677","n":"MERCADO VIRGEN DE LAS MERCEDES","dep":"LIMA","prov":"LIMA","dist":"LURIN","sec":"Privado","tipo":"Minorista","pu":40,"ei":"Muy Alto","em":"Bajo","di":"Muy Alto","dm":"Medio","dd":"Bajo","ds":"No","niv":2},"geometry":{"type":"Point","coordinates":[-76.86949,-12.27759]}},{"type":"Feature","properties":{"id":"2673","n":"MERCADO VILLA ALEJANDRO","dep":"LIMA","prov":"LIMA","dist":"LURIN","sec":"Privado","tipo":"Minorista","pu":170,"ei":"Alto","em":"Bajo","di":"Muy Alto","dm":"Medio","dd":"Bajo","ds":"No","niv":2},"geometry":{"type":"Point","coordinates":[-76.91077,-12.23642]}},{"type":"Feature","properties":{"id":"2676","n":"6 DE FEBRERO","dep":"LIMA","prov":"LIMA","dist":"LURIN","sec":"Privado","tipo":"Minorista","pu":36,"ei":"Alto","em":"Medio","di":"Muy Alto","dm":"Medio","dd":"Bajo","ds":"No","niv":2},"geometry":{"type":"Point","coordinates":[-76.89651,-12.24841]}},{"type":"Feature","properties":{"id":"2678","n":"ASOCIACION DE COMERCIANTES DE MERCADO VIRGEN DE FATIMA LURIN MERCADO MUNICIPAL","dep":"LIMA","prov":"LIMA","dist":"LURIN","sec":"Privado","tipo":"Minorista","pu":130,"ei":"Muy Alto","em":"Bajo","di":"Muy Alto","dm":"Medio","dd":"Bajo","ds":"No","niv":2},"geometry":{"type":"Point","coordinates":[-76.87043,-12.27622]}},{"type":"Feature","properties":{"id":"3596","n":"","dep":"LIMA","prov":"OYON","dist":"OYON","sec":"Público","tipo":"Minorista","pu":104,"ei":"Bajo","em":"Medio","di":"Medio","dm":"Muy Alto","dd":"Medio","ds":"Sí","niv":1},"geometry":{"type":"Point","coordinates":[-76.77285,-10.66946]}},{"type":"Feature","properties":{"id":"3597","n":"","dep":"LIMA","prov":"OYON","dist":"PACHANGARA","sec":"Público","tipo":"Minorista","pu":29,"ei":"Alto","em":"Bajo","di":"Alto","dm":"Muy Alto","dd":"Medio","ds":"No","niv":2},"geometry":{"type":"Point","coordinates":[-76.87508,-10.80886]}},{"type":"Feature","properties":{"id":"3630","n":"","dep":"LIMA","prov":"YAUYOS","dist":"YAUYOS","sec":"Público","tipo":"Minorista","pu":25,"ei":"Medio","em":"Bajo","di":"Bajo","dm":"Muy Alto","dd":"Medio","ds":"Sí","niv":1},"geometry":{"type":"Point","coordinates":[-75.9198,-12.45966]}},{"type":"Feature","properties":{"id":"1231","n":"","dep":"MADRE DE DIOS","prov":"MANU","dist":"MADRE DE DIOS","sec":"Público","tipo":"Minorista","pu":18,"ei":"Muy Bajo","em":"Bajo","di":"Muy Alto","dm":"Bajo","dd":"Alto","ds":"No","niv":1},"geometry":{"type":"Point","coordinates":[-71.35962,-12.83557]}},{"type":"Feature","properties":{"id":"3683","n":"","dep":"MADRE DE DIOS","prov":"MANU","dist":"MANU","sec":"Público","tipo":"Minorista","pu":13,"ei":"Alto","em":"Muy Bajo","di":"Muy Alto","dm":"Alto","dd":"Alto","ds":"No","niv":2},"geometry":{"type":"Point","coordinates":[-69.17681,-12.59469]}},{"type":"Feature","properties":{"id":"3687-A","n":"","dep":"MADRE DE DIOS","prov":"TAMBOPATA","dist":"INAMBARI","sec":"Privado","tipo":"Minorista","pu":28,"ei":"Alto","em":"Bajo","di":"Muy Alto","dm":"Bajo","dd":"Alto","ds":"No","niv":2},"geometry":{"type":"Point","coordinates":[-70.36831,-13.10164]}},{"type":"Feature","properties":{"id":"3701","n":"","dep":"MOQUEGUA","prov":"GENERAL SANCHEZ CERRO","dist":"ICHUÑA","sec":"Público","tipo":"Minorista","pu":40,"ei":"Alto","em":"Muy Bajo","di":"Alto","dm":"Muy Alto","dd":"Alto","ds":"No","niv":2},"geometry":{"type":"Point","coordinates":[-70.53759,-16.14102]}},{"type":"Feature","properties":{"id":"3721","n":"","dep":"MOQUEGUA","prov":"ILO","dist":"PACOCHA","sec":"Privado","tipo":"Minorista","pu":14,"ei":"Alto","em":"Muy Alto","di":"Bajo","dm":"Muy Alto","dd":"Medio","ds":"No","niv":2},"geometry":{"type":"Point","coordinates":[-71.33824,-17.61504]}},{"type":"Feature","properties":{"id":"3742","n":"","dep":"PASCO","prov":"DANIEL ALCIDES CARRION","dist":"YANAHUANCA","sec":"Público","tipo":"Minorista","pu":69,"ei":"Alto","em":"Muy Alto","di":"Alto","dm":"Muy Alto","dd":"Alto","ds":"Sí","niv":3},"geometry":{"type":"Point","coordinates":[-76.51642,-10.49149]}},{"type":"Feature","properties":{"id":"3747","n":"","dep":"PASCO","prov":"OXAPAMPA","dist":"OXAPAMPA","sec":"Público","tipo":"Minorista","pu":90,"ei":"Alto","em":"Muy Bajo","di":"Alto","dm":"Muy Alto","dd":"Alto","ds":"Sí","niv":3},"geometry":{"type":"Point","coordinates":[-75.40665,-10.57414]}},{"type":"Feature","properties":{"id":"3747-A","n":"","dep":"PASCO","prov":"OXAPAMPA","dist":"OXAPAMPA","sec":"Público","tipo":"Minorista","pu":30,"ei":"Alto","em":"Muy Bajo","di":"Alto","dm":"Muy Alto","dd":"Alto","ds":"Sí","niv":3},"geometry":{"type":"Point","coordinates":[-75.40685,-10.57451]}},{"type":"Feature","properties":{"id":"3748","n":"","dep":"PASCO","prov":"OXAPAMPA","dist":"PALCAZU","sec":"Público","tipo":"Minorista","pu":27,"ei":"Alto","em":"Bajo","di":"Muy Alto","dm":"Muy Alto","dd":"Alto","ds":"No","niv":2},"geometry":{"type":"Point","coordinates":[-75.1475,-10.18378]}},{"type":"Feature","properties":{"id":"3751-A","n":"","dep":"PASCO","prov":"OXAPAMPA","dist":"VILLA RICA","sec":"Público","tipo":"Minorista","pu":180,"ei":"Medio","em":"Muy Alto","di":"Alto","dm":"Muy Alto","dd":"Alto","ds":"No","niv":2},"geometry":{"type":"Point","coordinates":[-75.27191,-10.73731]}},{"type":"Feature","properties":{"id":"3751","n":"","dep":"PASCO","prov":"OXAPAMPA","dist":"VILLA RICA","sec":"Privado","tipo":"Minorista","pu":33,"ei":"Medio","em":"Muy Alto","di":"Alto","dm":"Muy Alto","dd":"Alto","ds":"No","niv":2},"geometry":{"type":"Point","coordinates":[-75.27133,-10.73668]}},{"type":"Feature","properties":{"id":"3752","n":"MERCADO BARATILLO","dep":"PASCO","prov":"PASCO","dist":"CHAUPIMARCA","sec":"Público","tipo":"Minorista","pu":32,"ei":"Alto","em":"Muy Bajo","di":"Bajo","dm":"Muy Alto","dd":"Alto","ds":"No","niv":2},"geometry":{"type":"Point","coordinates":[-76.25625,-10.68244]}},{"type":"Feature","properties":{"id":"3754","n":"MERCADO REAL DE MINAS","dep":"PASCO","prov":"PASCO","dist":"CHAUPIMARCA","sec":"Público","tipo":"Minorista","pu":144,"ei":"Alto","em":"Bajo","di":"Bajo","dm":"Muy Alto","dd":"Alto","ds":"No","niv":2},"geometry":{"type":"Point","coordinates":[-76.25548,-10.68805]}},{"type":"Feature","properties":{"id":"3753","n":"MERCADO CENTRAL","dep":"PASCO","prov":"PASCO","dist":"CHAUPIMARCA","sec":"Público","tipo":"Minorista","pu":131,"ei":"Alto","em":"Muy Bajo","di":"Bajo","dm":"Muy Alto","dd":"Alto","ds":"No","niv":2},"geometry":{"type":"Point","coordinates":[-76.25636,-10.68341]}},{"type":"Feature","properties":{"id":"3769","n":"","dep":"PASCO","prov":"PASCO","dist":"HUACHON","sec":"Público","tipo":"Minorista","pu":18,"ei":"Bajo","em":"Bajo","di":"Medio","dm":"Muy Alto","dd":"Alto","ds":"Sí","niv":1},"geometry":{"type":"Point","coordinates":[-75.95058,-10.63655]}},{"type":"Feature","properties":{"id":"3756","n":"","dep":"PASCO","prov":"PASCO","dist":"HUARIACA","sec":"Público","tipo":"Minorista","pu":55,"ei":"Bajo","em":"Bajo","di":"Medio","dm":"Muy Alto","dd":"Alto","ds":"Sí","niv":1},"geometry":{"type":"Point","coordinates":[-76.18677,-10.44488]}},{"type":"Feature","properties":{"id":"3762","n":"","dep":"PASCO","prov":"PASCO","dist":"PAUCARTAMBO","sec":"Público","tipo":"Minorista","pu":90,"ei":"Bajo","em":"Medio","di":"Bajo","dm":"Muy Alto","dd":"Alto","ds":"Sí","niv":1},"geometry":{"type":"Point","coordinates":[-75.81385,-10.7752]}},{"type":"Feature","properties":{"id":"3765","n":"","dep":"PASCO","prov":"PASCO","dist":"SIMON BOLIVAR","sec":"Público","tipo":"Minorista","pu":38,"ei":"Bajo","em":"Muy Bajo","di":"Alto","dm":"Alto","dd":"Muy Alto","ds":"Sí","niv":1},"geometry":{"type":"Point","coordinates":[-76.26747,-10.67384]}},{"type":"Feature","properties":{"id":"3767-A","n":"ASOCIACION DE COMERCIANTES MINORISTA MERCADO SANTA ROSA","dep":"PASCO","prov":"PASCO","dist":"YANACANCHA","sec":"Público","tipo":"Minorista","pu":57,"ei":"Alto","em":"Medio","di":"Bajo","dm":"Muy Alto","dd":"Alto","ds":"Sí","niv":3},"geometry":{"type":"Point","coordinates":[-76.25538,-10.66781]}},{"type":"Feature","properties":{"id":"3767","n":"MERCADO DE YANACANCHA","dep":"PASCO","prov":"PASCO","dist":"YANACANCHA","sec":"Privado","tipo":"Minorista","pu":67,"ei":"Alto","em":"Bajo","di":"Bajo","dm":"Muy Alto","dd":"Alto","ds":"Sí","niv":3},"geometry":{"type":"Point","coordinates":[-76.25302,-10.66338]}},{"type":"Feature","properties":{"id":"3774","n":"","dep":"PIURA","prov":"AYABACA","dist":"AYABACA","sec":"Público","tipo":"Minorista","pu":75,"ei":"Medio","em":"Alto","di":"Medio","dm":"Muy Alto","dd":"Medio","ds":"Sí","niv":3},"geometry":{"type":"Point","coordinates":[-79.71469,-4.63829]}},{"type":"Feature","properties":{"id":"3778","n":"","dep":"PIURA","prov":"AYABACA","dist":"PAIMAS","sec":"Público","tipo":"Minorista","pu":45,"ei":"Alto","em":"Medio","di":"Medio","dm":"Muy Alto","dd":"Medio","ds":"Sí","niv":3},"geometry":{"type":"Point","coordinates":[-79.944,-4.62704]}},{"type":"Feature","properties":{"id":"3781","n":"","dep":"PIURA","prov":"AYABACA","dist":"SUYO","sec":"Público","tipo":"Minorista","pu":15,"ei":"Alto","em":"Medio","di":"Alto","dm":"Muy Alto","dd":"Medio","ds":"Sí","niv":3},"geometry":{"type":"Point","coordinates":[-80.00244,-4.5137]}},{"type":"Feature","properties":{"id":"3784","n":"","dep":"PIURA","prov":"HUANCABAMBA","dist":"HUANCABAMBA","sec":"Público","tipo":"Minorista","pu":200,"ei":"Medio","em":"Muy Alto","di":"Bajo","dm":"Muy Alto","dd":"Medio","ds":"Sí","niv":3},"geometry":{"type":"Point","coordinates":[-79.44848,-5.2398]}},{"type":"Feature","properties":{"id":"3784-A","n":"","dep":"PIURA","prov":"HUANCABAMBA","dist":"HUANCABAMBA","sec":"Público","tipo":"Minorista","pu":130,"ei":"Medio","em":"Muy Alto","di":"Bajo","dm":"Muy Alto","dd":"Medio","ds":"Sí","niv":3},"geometry":{"type":"Point","coordinates":[-79.44796,-5.23802]}},{"type":"Feature","properties":{"id":"3785","n":"","dep":"PIURA","prov":"HUANCABAMBA","dist":"HUARMACA","sec":"Público","tipo":"Minorista","pu":132,"ei":"Alto","em":"Medio","di":"Alto","dm":"Muy Alto","dd":"Medio","ds":"Sí","niv":3},"geometry":{"type":"Point","coordinates":[-79.52618,-5.56927]}},{"type":"Feature","properties":{"id":"3789","n":"","dep":"PIURA","prov":"MORROPON","dist":"BUENOS AIRES","sec":"Público","tipo":"Minorista","pu":10,"ei":"Alto","em":"Muy Alto","di":"Muy Alto","dm":"Muy Alto","dd":"Bajo","ds":"Sí","niv":3},"geometry":{"type":"Point","coordinates":[-79.96564,-5.26582]}},{"type":"Feature","properties":{"id":"3791-A","n":"MERCADO MODELO","dep":"PIURA","prov":"MORROPON","dist":"CHULUCANAS","sec":"Sin clasificar","tipo":"Minorista","pu":10,"ei":"Muy Alto","em":"Bajo","di":"Muy Alto","dm":"Alto","dd":"Bajo","ds":"Sí","niv":3},"geometry":{"type":"Point","coordinates":[-80.16579,-5.09354]}},{"type":"Feature","properties":{"id":"3791","n":"MERCADILLO DE LA ENCANTADA","dep":"PIURA","prov":"MORROPON","dist":"CHULUCANAS","sec":"Sin clasificar","tipo":"Minorista","pu":12,"ei":"Muy Alto","em":"Medio","di":"Muy Alto","dm":"Alto","dd":"Bajo","ds":"Sí","niv":3},"geometry":{"type":"Point","coordinates":[-80.19781,-5.0924]}},{"type":"Feature","properties":{"id":"3792","n":"MERCADO CENTRAL DE VILLA PACCHA","dep":"PIURA","prov":"MORROPON","dist":"CHULUCANAS","sec":"Público","tipo":"Mixto","pu":596,"ei":"Muy Alto","em":"Medio","di":"Muy Alto","dm":"Alto","dd":"Bajo","ds":"Sí","niv":3},"geometry":{"type":"Point","coordinates":[-80.22588,-5.01171]}},{"type":"Feature","properties":{"id":"3795","n":"","dep":"PIURA","prov":"MORROPON","dist":"LA MATANZA","sec":"Público","tipo":"Minorista","pu":20,"ei":"Muy Alto","em":"Medio","di":"Muy Alto","dm":"Medio","dd":"Bajo","ds":"Sí","niv":3},"geometry":{"type":"Point","coordinates":[-80.09266,-5.20923]}},{"type":"Feature","properties":{"id":"3797","n":"","dep":"PIURA","prov":"MORROPON","dist":"MORROPON","sec":"Público","tipo":"Minorista","pu":72,"ei":"Muy Alto","em":"Medio","di":"Muy Alto","dm":"Muy Alto","dd":"Bajo","ds":"Sí","niv":3},"geometry":{"type":"Point","coordinates":[-79.97129,-5.18458]}},{"type":"Feature","properties":{"id":"3802","n":"","dep":"PIURA","prov":"MORROPON","dist":"SANTO DOMINGO","sec":"Sin clasificar","tipo":"Minorista","pu":10,"ei":"Alto","em":"Medio","di":"Bajo","dm":"Muy Alto","dd":"Medio","ds":"Sí","niv":3},"geometry":{"type":"Point","coordinates":[-79.87655,-5.03024]}},{"type":"Feature","properties":{"id":"3809","n":"","dep":"PIURA","prov":"PAITA","dist":"LA HUACA","sec":"Público","tipo":"Minorista","pu":35,"ei":"Muy Alto","em":"Bajo","di":"Muy Alto","dm":"Medio","dd":"Medio","ds":"Sí","niv":3},"geometry":{"type":"Point","coordinates":[-80.96102,-4.91239]}},{"type":"Feature","properties":{"id":"3814","n":"MERCADO DE ABASTOS","dep":"PIURA","prov":"PIURA","dist":"CASTILLA","sec":"Público","tipo":"Minorista","pu":516,"ei":"Muy Alto","em":"Medio","di":"Muy Alto","dm":"Bajo","dd":"Bajo","ds":"Sí","niv":3},"geometry":{"type":"Point","coordinates":[-80.62241,-5.19998]}},{"type":"Feature","properties":{"id":"3814-A","n":"MERCADO EL SOL","dep":"PIURA","prov":"PIURA","dist":"CASTILLA","sec":"Privado","tipo":"Minorista","pu":40,"ei":"Muy Alto","em":"Bajo","di":"Muy Alto","dm":"Bajo","dd":"Bajo","ds":"Sí","niv":3},"geometry":{"type":"Point","coordinates":[-80.58779,-5.18152]}},{"type":"Feature","properties":{"id":"3813-A","n":"MERCADILLO SAN BERNARDO","dep":"PIURA","prov":"PIURA","dist":"CASTILLA","sec":"Privado","tipo":"Mixto","pu":200,"ei":"Muy Alto","em":"Medio","di":"Muy Alto","dm":"Bajo","dd":"Bajo","ds":"Sí","niv":3},"geometry":{"type":"Point","coordinates":[-80.62565,-5.22317]}},{"type":"Feature","properties":{"id":"3815","n":"MERCADO CENTRAL DE ABASTOS","dep":"PIURA","prov":"PIURA","dist":"CATACAOS","sec":"Público","tipo":"Minorista","pu":647,"ei":"Muy Alto","em":"Medio","di":"Muy Alto","dm":"Bajo","dd":"Bajo","ds":"Sí","niv":3},"geometry":{"type":"Point","coordinates":[-80.67771,-5.26507]}},{"type":"Feature","properties":{"id":"3831","n":"","dep":"PIURA","prov":"PIURA","dist":"CURA MORI","sec":"Público","tipo":"Minorista","pu":75,"ei":"Muy Alto","em":"Medio","di":"Muy Alto","dm":"Bajo","dd":"Medio","ds":"Sí","niv":3},"geometry":{"type":"Point","coordinates":[-80.66412,-5.32506]}},{"type":"Feature","properties":{"id":"3833","n":"","dep":"PIURA","prov":"PIURA","dist":"LA ARENA","sec":"Público","tipo":"Minorista","pu":126,"ei":"Alto","em":"Medio","di":"Muy Alto","dm":"Bajo","dd":"Medio","ds":"Sí","niv":3},"geometry":{"type":"Point","coordinates":[-80.71376,-5.34944]}},{"type":"Feature","properties":{"id":"3833-A","n":"","dep":"PIURA","prov":"PIURA","dist":"LA ARENA","sec":"Privado","tipo":"Minorista","pu":115,"ei":"Alto","em":"Bajo","di":"Muy Alto","dm":"Bajo","dd":"Medio","ds":"Sí","niv":3},"geometry":{"type":"Point","coordinates":[-80.70494,-5.34251]}},{"type":"Feature","properties":{"id":"3816-A","n":"CENTRO COMERCIAL REY ESCORPION","dep":"PIURA","prov":"PIURA","dist":"LA UNION","sec":"Público","tipo":"Minorista","pu":511,"ei":"Muy Alto","em":"Medio","di":"Muy Alto","dm":"Bajo","dd":"Medio","ds":"Sí","niv":3},"geometry":{"type":"Point","coordinates":[-80.74189,-5.40076]}},{"type":"Feature","properties":{"id":"3817","n":"MERCADILLO","dep":"PIURA","prov":"PIURA","dist":"LA UNION","sec":"Público","tipo":"Minorista","pu":277,"ei":"Muy Alto","em":"Medio","di":"Muy Alto","dm":"Bajo","dd":"Medio","ds":"Sí","niv":3},"geometry":{"type":"Point","coordinates":[-80.74012,-5.40105]}},{"type":"Feature","properties":{"id":"3816","n":"CENTRO DE ABASTOS LA UNION","dep":"PIURA","prov":"PIURA","dist":"LA UNION","sec":"Privado","tipo":"Mixto","pu":200,"ei":"Muy Alto","em":"Medio","di":"Muy Alto","dm":"Bajo","dd":"Medio","ds":"Sí","niv":3},"geometry":{"type":"Point","coordinates":[-80.74251,-5.40079]}},{"type":"Feature","properties":{"id":"3817-A","n":"MERCADILLO VICENTE SEMINARIO RETO","dep":"PIURA","prov":"PIURA","dist":"LA UNION","sec":"Sin clasificar","tipo":"Mixto","pu":54,"ei":"Muy Alto","em":"Bajo","di":"Muy Alto","dm":"Bajo","dd":"Medio","ds":"Sí","niv":3},"geometry":{"type":"Point","coordinates":[-80.76297,-5.38347]}},{"type":"Feature","properties":{"id":"3818","n":"","dep":"PIURA","prov":"PIURA","dist":"LAS LOMAS","sec":"Público","tipo":"Mixto","pu":160,"ei":"Alto","em":"Bajo","di":"Muy Alto","dm":"Muy Alto","dd":"Medio","ds":"Sí","niv":3},"geometry":{"type":"Point","coordinates":[-80.24258,-4.65875]}},{"type":"Feature","properties":{"id":"3821-F","n":"EX-FABRICA SAN MIGUEL","dep":"PIURA","prov":"PIURA","dist":"PIURA","sec":"Privado","tipo":"Mixto","pu":190,"ei":"Muy Alto","em":"Bajo","di":"Muy Alto","dm":"Bajo","dd":"Bajo","ds":"Sí","niv":3},"geometry":{"type":"Point","coordinates":[-80.63662,-5.18637]}},{"type":"Feature","properties":{"id":"3824","n":"LAS CAPULLANAS","dep":"PIURA","prov":"PIURA","dist":"PIURA","sec":"Público","tipo":"Minorista","pu":112,"ei":"Muy Alto","em":"Bajo","di":"Muy Alto","dm":"Bajo","dd":"Bajo","ds":"Sí","niv":3},"geometry":{"type":"Point","coordinates":[-80.6718,-5.17629]}},{"type":"Feature","properties":{"id":"3820","n":"CENTRO COMERCIAL MERCADO DE TELAS","dep":"PIURA","prov":"PIURA","dist":"PIURA","sec":"Público","tipo":"Minorista","pu":1200,"ei":"Muy Alto","em":"Bajo","di":"Muy Alto","dm":"Bajo","dd":"Bajo","ds":"Sí","niv":3},"geometry":{"type":"Point","coordinates":[-80.63285,-5.18886]}},{"type":"Feature","properties":{"id":"3821-H","n":"MERCADO MODELO DE PIURA","dep":"PIURA","prov":"PIURA","dist":"PIURA","sec":"Privado","tipo":"Mayorista","pu":260,"ei":"Muy Alto","em":"Bajo","di":"Muy Alto","dm":"Bajo","dd":"Bajo","ds":"Sí","niv":3},"geometry":{"type":"Point","coordinates":[-80.6332,-5.18886]}},{"type":"Feature","properties":{"id":"3822","n":"MERCADO ZONAL DE SAN JOSE","dep":"PIURA","prov":"PIURA","dist":"PIURA","sec":"Sin clasificar","tipo":"Mixto","pu":1115,"ei":"Muy Alto","em":"Medio","di":"Muy Alto","dm":"Bajo","dd":"Bajo","ds":"Sí","niv":3},"geometry":{"type":"Point","coordinates":[-80.64544,-5.1936]}},{"type":"Feature","properties":{"id":"3826-A","n":"MERCADILLO SANTA ROSA","dep":"PIURA","prov":"PIURA","dist":"PIURA","sec":"Privado","tipo":"Mixto","pu":959,"ei":"Muy Alto","em":"Bajo","di":"Muy Alto","dm":"Bajo","dd":"Bajo","ds":"Sí","niv":3},"geometry":{"type":"Point","coordinates":[-80.65972,-5.18874]}},{"type":"Feature","properties":{"id":"3821-I","n":"EL BOSQUE","dep":"PIURA","prov":"PIURA","dist":"PIURA","sec":"Privado","tipo":"Minorista","pu":156,"ei":"Muy Alto","em":"Bajo","di":"Muy Alto","dm":"Bajo","dd":"Bajo","ds":"Sí","niv":3},"geometry":{"type":"Point","coordinates":[-80.63402,-5.18985]}},{"type":"Feature","properties":{"id":"3821-B","n":"MERCADO MINORISTA DE FRUTAS","dep":"PIURA","prov":"PIURA","dist":"PIURA","sec":"Privado","tipo":"Mixto","pu":260,"ei":"Muy Alto","em":"Medio","di":"Muy Alto","dm":"Bajo","dd":"Bajo","ds":"Sí","niv":3},"geometry":{"type":"Point","coordinates":[-80.63315,-5.18699]}},{"type":"Feature","properties":{"id":"3825","n":"MERCADO MAYORISTA LAS CAPULLANAS - ECOMAPSA","dep":"PIURA","prov":"PIURA","dist":"PIURA","sec":"Privado","tipo":"Minorista","pu":24,"ei":"Muy Alto","em":"Bajo","di":"Muy Alto","dm":"Bajo","dd":"Bajo","ds":"Sí","niv":3},"geometry":{"type":"Point","coordinates":[-80.67077,-5.17674]}},{"type":"Feature","properties":{"id":"3821-E","n":"EX-MOSCU","dep":"PIURA","prov":"PIURA","dist":"PIURA","sec":"Privado","tipo":"Mixto","pu":20,"ei":"Muy Alto","em":"Bajo","di":"Muy Alto","dm":"Bajo","dd":"Bajo","ds":"Sí","niv":3},"geometry":{"type":"Point","coordinates":[-80.63557,-5.18654]}},{"type":"Feature","properties":{"id":"3820-C","n":"EX TERMNAL PESQUERO","dep":"PIURA","prov":"PIURA","dist":"PIURA","sec":"Privado","tipo":"Minorista","pu":400,"ei":"Muy Alto","em":"Bajo","di":"Muy Alto","dm":"Bajo","dd":"Bajo","ds":"Sí","niv":3},"geometry":{"type":"Point","coordinates":[-80.63171,-5.18905]}},{"type":"Feature","properties":{"id":"3821-A","n":"MERCADO MANUEL SEOANE","dep":"PIURA","prov":"PIURA","dist":"PIURA","sec":"Sin clasificar","tipo":"Minorista","pu":166,"ei":"Muy Alto","em":"Bajo","di":"Muy Alto","dm":"Bajo","dd":"Bajo","ds":"Sí","niv":3},"geometry":{"type":"Point","coordinates":[-80.63286,-5.188]}},{"type":"Feature","properties":{"id":"3821-D","n":"PLATAFORMA JUAN VELASCO","dep":"PIURA","prov":"PIURA","dist":"PIURA","sec":"Privado","tipo":"Minorista","pu":53,"ei":"Muy Alto","em":"Bajo","di":"Muy Alto","dm":"Bajo","dd":"Bajo","ds":"Sí","niv":3},"geometry":{"type":"Point","coordinates":[-80.63429,-5.18702]}},{"type":"Feature","properties":{"id":"3821-G","n":"COMPLEJO COMERCIAL EX-MADEREROS","dep":"PIURA","prov":"PIURA","dist":"PIURA","sec":"Privado","tipo":"Mixto","pu":452,"ei":"Muy Alto","em":"Bajo","di":"Muy Alto","dm":"Bajo","dd":"Bajo","ds":"Sí","niv":3},"geometry":{"type":"Point","coordinates":[-80.63603,-5.18768]}},{"type":"Feature","properties":{"id":"3820-B","n":"MERCADO DE HERBOLARIOS 2","dep":"PIURA","prov":"PIURA","dist":"PIURA","sec":"Privado","tipo":"Minorista","pu":46,"ei":"Muy Alto","em":"Bajo","di":"Muy Alto","dm":"Bajo","dd":"Bajo","ds":"Sí","niv":3},"geometry":{"type":"Point","coordinates":[-80.63249,-5.18964]}},{"type":"Feature","properties":{"id":"3821-C","n":"SITMINPEP","dep":"PIURA","prov":"PIURA","dist":"PIURA","sec":"Privado","tipo":"Mixto","pu":122,"ei":"Muy Alto","em":"Bajo","di":"Muy Alto","dm":"Bajo","dd":"Bajo","ds":"Sí","niv":3},"geometry":{"type":"Point","coordinates":[-80.63347,-5.18652]}},{"type":"Feature","properties":{"id":"3820-A","n":"MERCADO DE HERBOLARIOS","dep":"PIURA","prov":"PIURA","dist":"PIURA","sec":"Público","tipo":"Minorista","pu":171,"ei":"Muy Alto","em":"Bajo","di":"Muy Alto","dm":"Bajo","dd":"Bajo","ds":"Sí","niv":3},"geometry":{"type":"Point","coordinates":[-80.63212,-5.18848]}},{"type":"Feature","properties":{"id":"3829-A","n":"MERCADO DE FRUTAS","dep":"PIURA","prov":"PIURA","dist":"TAMBO GRANDE","sec":"Público","tipo":"Minorista","pu":1148,"ei":"Muy Alto","em":"Medio","di":"Muy Alto","dm":"Muy Alto","dd":"Medio","ds":"Sí","niv":3},"geometry":{"type":"Point","coordinates":[-80.3334,-4.90624]}},{"type":"Feature","properties":{"id":"3829","n":"MERCADO CENTRAL","dep":"PIURA","prov":"PIURA","dist":"TAMBO GRANDE","sec":"Público","tipo":"Mayorista","pu":113,"ei":"Muy Alto","em":"Medio","di":"Muy Alto","dm":"Muy Alto","dd":"Medio","ds":"Sí","niv":3},"geometry":{"type":"Point","coordinates":[-80.34037,-4.92548]}},{"type":"Feature","properties":{"id":"3841-A","n":"MERCADILLO","dep":"PIURA","prov":"SECHURA","dist":"SECHURA","sec":"Público","tipo":"Minorista","pu":260,"ei":"Muy Alto","em":"Medio","di":"Muy Alto","dm":"Medio","dd":"Bajo","ds":"Sí","niv":3},"geometry":{"type":"Point","coordinates":[-80.82059,-5.56344]}},{"type":"Feature","properties":{"id":"3838","n":"PLATAFORMAS DEL MERCADO","dep":"PIURA","prov":"SECHURA","dist":"SECHURA","sec":"Público","tipo":"Minorista","pu":128,"ei":"Muy Alto","em":"Medio","di":"Muy Alto","dm":"Medio","dd":"Bajo","ds":"Sí","niv":3},"geometry":{"type":"Point","coordinates":[-80.82216,-5.55391]}},{"type":"Feature","properties":{"id":"3840","n":"ANEXO DEL MERCADO","dep":"PIURA","prov":"SECHURA","dist":"SECHURA","sec":"Público","tipo":"Minorista","pu":45,"ei":"Muy Alto","em":"Medio","di":"Muy Alto","dm":"Medio","dd":"Bajo","ds":"Sí","niv":3},"geometry":{"type":"Point","coordinates":[-80.82219,-5.55426]}},{"type":"Feature","properties":{"id":"3839","n":"MERCADO DE PESCADO","dep":"PIURA","prov":"SECHURA","dist":"SECHURA","sec":"Público","tipo":"Minorista","pu":120,"ei":"Muy Alto","em":"Medio","di":"Muy Alto","dm":"Medio","dd":"Bajo","ds":"Sí","niv":3},"geometry":{"type":"Point","coordinates":[-80.82166,-5.55389]}},{"type":"Feature","properties":{"id":"3841","n":"MERCADO CENTRAL","dep":"PIURA","prov":"SECHURA","dist":"SECHURA","sec":"Público","tipo":"Minorista","pu":25,"ei":"Muy Alto","em":"Medio","di":"Muy Alto","dm":"Medio","dd":"Bajo","ds":"Sí","niv":3},"geometry":{"type":"Point","coordinates":[-80.82228,-5.55424]}},{"type":"Feature","properties":{"id":"3856","n":"MERCADO NUEVE DE OCTUBRE","dep":"PIURA","prov":"SULLANA","dist":"SULLANA","sec":"Público","tipo":"Minorista","pu":250,"ei":"Muy Alto","em":"Bajo","di":"Muy Alto","dm":"Medio","dd":"Medio","ds":"Sí","niv":3},"geometry":{"type":"Point","coordinates":[-80.67709,-4.90503]}},{"type":"Feature","properties":{"id":"3853","n":"MERCADO MODELO","dep":"PIURA","prov":"SULLANA","dist":"SULLANA","sec":"Público","tipo":"Minorista","pu":183,"ei":"Muy Alto","em":"Bajo","di":"Muy Alto","dm":"Medio","dd":"Medio","ds":"Sí","niv":3},"geometry":{"type":"Point","coordinates":[-80.68782,-4.89841]}},{"type":"Feature","properties":{"id":"3874","n":"","dep":"PUNO","prov":"AZANGARO","dist":"ARAPA","sec":"Público","tipo":"Minorista","pu":32,"ei":"Bajo","em":"Muy Bajo","di":"Bajo","dm":"Muy Alto","dd":"Muy Alto","ds":"No","niv":1},"geometry":{"type":"Point","coordinates":[-70.1083,-15.14025]}},{"type":"Feature","properties":{"id":"3871","n":"MERCADO SANTA ROSA","dep":"PUNO","prov":"AZANGARO","dist":"AZANGARO","sec":"Público","tipo":"Mixto","pu":176,"ei":"Muy Bajo","em":"Muy Bajo","di":"Alto","dm":"Muy Alto","dd":"Muy Alto","ds":"No","niv":1},"geometry":{"type":"Point","coordinates":[-70.1845,-14.92085]}},{"type":"Feature","properties":{"id":"3872","n":"MERCADO VILCAPAZA","dep":"PUNO","prov":"AZANGARO","dist":"AZANGARO","sec":"Privado","tipo":"Mixto","pu":107,"ei":"Bajo","em":"Muy Bajo","di":"Alto","dm":"Muy Alto","dd":"Muy Alto","ds":"No","niv":1},"geometry":{"type":"Point","coordinates":[-70.19609,-14.91138]}},{"type":"Feature","properties":{"id":"3880","n":"","dep":"PUNO","prov":"AZANGARO","dist":"POTONI","sec":"Público","tipo":"Minorista","pu":18,"ei":"Bajo","em":"Muy Bajo","di":"Alto","dm":"Alto","dd":"Muy Alto","ds":"No","niv":1},"geometry":{"type":"Point","coordinates":[-70.10439,-14.39075]}},{"type":"Feature","properties":{"id":"3882","n":"","dep":"PUNO","prov":"AZANGARO","dist":"SAN ANTON","sec":"Público","tipo":"Minorista","pu":61,"ei":"Muy Bajo","em":"Muy Bajo","di":"Medio","dm":"Alto","dd":"Muy Alto","ds":"No","niv":1},"geometry":{"type":"Point","coordinates":[-70.3153,-14.58417]}},{"type":"Feature","properties":{"id":"3883","n":"","dep":"PUNO","prov":"AZANGARO","dist":"SAN JOSE","sec":"Privado","tipo":"Minorista","pu":40,"ei":"Muy Bajo","em":"Bajo","di":"Medio","dm":"Alto","dd":"Muy Alto","ds":"No","niv":1},"geometry":{"type":"Point","coordinates":[-70.16006,-14.68262]}},{"type":"Feature","properties":{"id":"3888","n":"","dep":"PUNO","prov":"CARABAYA","dist":"AYAPATA","sec":"Público","tipo":"Minorista","pu":42,"ei":"Muy Bajo","em":"Muy Bajo","di":"Alto","dm":"Muy Alto","dd":"Muy Alto","ds":"No","niv":1},"geometry":{"type":"Point","coordinates":[-70.32224,-13.77655]}},{"type":"Feature","properties":{"id":"3893","n":"","dep":"PUNO","prov":"CARABAYA","dist":"MACUSANI","sec":"Público","tipo":"Mixto","pu":105,"ei":"Muy Bajo","em":"Bajo","di":"Medio","dm":"Muy Alto","dd":"Muy Alto","ds":"No","niv":1},"geometry":{"type":"Point","coordinates":[-70.43033,-14.06867]}},{"type":"Feature","properties":{"id":"3894","n":"","dep":"PUNO","prov":"CARABAYA","dist":"OLLACHEA","sec":"Público","tipo":"Minorista","pu":63,"ei":"Muy Bajo","em":"Bajo","di":"Medio","dm":"Muy Alto","dd":"Muy Alto","ds":"No","niv":1},"geometry":{"type":"Point","coordinates":[-70.47119,-13.79408]}},{"type":"Feature","properties":{"id":"3895","n":"","dep":"PUNO","prov":"CARABAYA","dist":"SAN GABAN","sec":"Público","tipo":"Mixto","pu":10,"ei":"Medio","em":"Muy Bajo","di":"Alto","dm":"Alto","dd":"Muy Alto","ds":"No","niv":1},"geometry":{"type":"Point","coordinates":[-70.40442,-13.44082]}},{"type":"Feature","properties":{"id":"3897","n":"","dep":"PUNO","prov":"CHUCUITO","dist":"DESAGUADERO","sec":"Público","tipo":"Minorista","pu":97,"ei":"Medio","em":"Muy Bajo","di":"Medio","dm":"Medio","dd":"Muy Alto","ds":"No","niv":1},"geometry":{"type":"Point","coordinates":[-69.04017,-16.56431]}},{"type":"Feature","properties":{"id":"3899","n":"","dep":"PUNO","prov":"CHUCUITO","dist":"JULI","sec":"Público","tipo":"Mixto","pu":330,"ei":"Bajo","em":"Medio","di":"Medio","dm":"Muy Alto","dd":"Muy Alto","ds":"No","niv":1},"geometry":{"type":"Point","coordinates":[-69.46184,-16.21459]}},{"type":"Feature","properties":{"id":"3900","n":"","dep":"PUNO","prov":"CHUCUITO","dist":"KELLUYO","sec":"Público","tipo":"Mixto","pu":1,"ei":"Alto","em":"Muy Bajo","di":"Medio","dm":"Bajo","dd":"Muy Alto","ds":"No","niv":2},"geometry":{"type":"Point","coordinates":[-69.24984,-16.72543]}},{"type":"Feature","properties":{"id":"3903","n":"","dep":"PUNO","prov":"CHUCUITO","dist":"ZEPITA","sec":"Público","tipo":"Minorista","pu":70,"ei":"Alto","em":"Muy Bajo","di":"Bajo","dm":"Alto","dd":"Muy Alto","ds":"No","niv":2},"geometry":{"type":"Point","coordinates":[-69.10276,-16.49614]}},{"type":"Feature","properties":{"id":"3907","n":"MERCADO CENTRAL","dep":"PUNO","prov":"EL COLLAO","dist":"ILAVE","sec":"Público","tipo":"Minorista","pu":682,"ei":"Medio","em":"Muy Bajo","di":"Medio","dm":"Alto","dd":"Muy Alto","ds":"No","niv":1},"geometry":{"type":"Point","coordinates":[-69.63857,-16.08391]}},{"type":"Feature","properties":{"id":"3911","n":"","dep":"PUNO","prov":"EL COLLAO","dist":"PILCUYO","sec":"Público","tipo":"Mixto","pu":14,"ei":"Medio","em":"Bajo","di":"Medio","dm":"Bajo","dd":"Muy Alto","ds":"No","niv":1},"geometry":{"type":"Point","coordinates":[-69.55346,-16.10877]}},{"type":"Feature","properties":{"id":"3912","n":"","dep":"PUNO","prov":"EL COLLAO","dist":"SANTA ROSA","sec":"Público","tipo":"Mixto","pu":30,"ei":"Alto","em":"Bajo","di":"Bajo","dm":"Medio","dd":"Muy Alto","ds":"No","niv":2},"geometry":{"type":"Point","coordinates":[-69.71499,-16.74322]}},{"type":"Feature","properties":{"id":"3914","n":"","dep":"PUNO","prov":"HUANCANE","dist":"HUANCANE","sec":"Público","tipo":"Mixto","pu":84,"ei":"Bajo","em":"Muy Bajo","di":"Muy Alto","dm":"Muy Alto","dd":"Muy Alto","ds":"No","niv":1},"geometry":{"type":"Point","coordinates":[-69.76061,-15.20118]}},{"type":"Feature","properties":{"id":"3917","n":"","dep":"PUNO","prov":"HUANCANE","dist":"PUSI","sec":"Privado","tipo":"Minorista","pu":36,"ei":"Medio","em":"Bajo","di":"Bajo","dm":"Medio","dd":"Muy Alto","ds":"No","niv":1},"geometry":{"type":"Point","coordinates":[-69.9323,-15.44045]}},{"type":"Feature","properties":{"id":"3923","n":"","dep":"PUNO","prov":"LAMPA","dist":"LAMPA","sec":"Público","tipo":"Minorista","pu":50,"ei":"Alto","em":"Bajo","di":"Alto","dm":"Muy Alto","dd":"Muy Alto","ds":"No","niv":2},"geometry":{"type":"Point","coordinates":[-70.36571,-15.36531]}},{"type":"Feature","properties":{"id":"3933","n":"MERCADO CENTRAL","dep":"PUNO","prov":"MELGAR","dist":"AYAVIRI","sec":"Público","tipo":"Minorista","pu":220,"ei":"Bajo","em":"Muy Bajo","di":"Medio","dm":"Muy Alto","dd":"Muy Alto","ds":"No","niv":1},"geometry":{"type":"Point","coordinates":[-70.5886,-14.88145]}},{"type":"Feature","properties":{"id":"3949","n":"","dep":"PUNO","prov":"PUNO","dist":"ACORA","sec":"Público","tipo":"Minorista","pu":125,"ei":"Medio","em":"Medio","di":"Medio","dm":"Alto","dd":"Muy Alto","ds":"No","niv":1},"geometry":{"type":"Point","coordinates":[-69.79351,-15.97227]}},{"type":"Feature","properties":{"id":"3952","n":"","dep":"PUNO","prov":"PUNO","dist":"CAPACHICA","sec":"Público","tipo":"Mixto","pu":320,"ei":"Bajo","em":"Bajo","di":"Bajo","dm":"Muy Alto","dd":"Muy Alto","ds":"No","niv":1},"geometry":{"type":"Point","coordinates":[-69.83072,-15.64186]}},{"type":"Feature","properties":{"id":"3945","n":"MERCADILLO LOS INCAS","dep":"PUNO","prov":"PUNO","dist":"PUNO","sec":"Privado","tipo":"Mixto","pu":4,"ei":"Alto","em":"Bajo","di":"Alto","dm":"Muy Alto","dd":"Muy Alto","ds":"No","niv":2},"geometry":{"type":"Point","coordinates":[-70.02303,-15.83663]}},{"type":"Feature","properties":{"id":"3946","n":"MERCADO UNION Y DIGNIDAD","dep":"PUNO","prov":"PUNO","dist":"PUNO","sec":"Público","tipo":"Minorista","pu":666,"ei":"Alto","em":"Bajo","di":"Alto","dm":"Muy Alto","dd":"Muy Alto","ds":"No","niv":2},"geometry":{"type":"Point","coordinates":[-70.01993,-15.84002]}},{"type":"Feature","properties":{"id":"3948","n":"MERCADO LAYKAKOTA","dep":"PUNO","prov":"PUNO","dist":"PUNO","sec":"Público","tipo":"Minorista","pu":474,"ei":"Medio","em":"Bajo","di":"Alto","dm":"Muy Alto","dd":"Muy Alto","ds":"No","niv":1},"geometry":{"type":"Point","coordinates":[-70.02126,-15.84673]}},{"type":"Feature","properties":{"id":"3947","n":"MERCADO CENTRAL","dep":"PUNO","prov":"PUNO","dist":"PUNO","sec":"Público","tipo":"Minorista","pu":789,"ei":"Medio","em":"Bajo","di":"Alto","dm":"Muy Alto","dd":"Muy Alto","ds":"No","niv":1},"geometry":{"type":"Point","coordinates":[-70.02663,-15.83731]}},{"type":"Feature","properties":{"id":"3945A","n":"MERCADO LOS INCAS","dep":"PUNO","prov":"PUNO","dist":"PUNO","sec":"Privado","tipo":"Minorista","pu":15,"ei":"Alto","em":"Bajo","di":"Alto","dm":"Muy Alto","dd":"Muy Alto","ds":"No","niv":2},"geometry":{"type":"Point","coordinates":[-70.02269,-15.83603]}},{"type":"Feature","properties":{"id":"3963-A","n":"","dep":"PUNO","prov":"SAN ANTONIO DE PUTINA","dist":"ANANEA","sec":"Privado","tipo":"Mixto","pu":133,"ei":"Bajo","em":"Bajo","di":"Alto","dm":"Muy Alto","dd":"Muy Alto","ds":"No","niv":1},"geometry":{"type":"Point","coordinates":[-69.53698,-14.67928]}},{"type":"Feature","properties":{"id":"3969","n":"","dep":"PUNO","prov":"SAN ROMAN","dist":"CABANILLAS","sec":"Público","tipo":"Mixto","pu":15,"ei":"Alto","em":"Muy Bajo","di":"Alto","dm":"Muy Alto","dd":"Muy Alto","ds":"No","niv":2},"geometry":{"type":"Point","coordinates":[-70.35012,-15.64227]}},{"type":"Feature","properties":{"id":"3978","n":"","dep":"PUNO","prov":"SANDIA","dist":"LIMBANI","sec":"Público","tipo":"Minorista","pu":28,"ei":"Muy Bajo","em":"Bajo","di":"Medio","dm":"Alto","dd":"Muy Alto","ds":"No","niv":1},"geometry":{"type":"Point","coordinates":[-69.69599,-14.13611]}},{"type":"Feature","properties":{"id":"3985","n":"","dep":"PUNO","prov":"SANDIA","dist":"SAN PEDRO DE PUTINA PUNCO","sec":"Público","tipo":"Minorista","pu":46,"ei":"Bajo","em":"Bajo","di":"Medio","dm":"Muy Alto","dd":"Alto","ds":"No","niv":1},"geometry":{"type":"Point","coordinates":[-69.04633,-14.11267]}},{"type":"Feature","properties":{"id":"3986","n":"","dep":"PUNO","prov":"SANDIA","dist":"SANDIA","sec":"Público","tipo":"Minorista","pu":170,"ei":"Muy Bajo","em":"Bajo","di":"Alto","dm":"Muy Alto","dd":"Muy Alto","ds":"No","niv":1},"geometry":{"type":"Point","coordinates":[-69.46469,-14.32029]}},{"type":"Feature","properties":{"id":"3987","n":"","dep":"PUNO","prov":"SANDIA","dist":"YANAHUAYA","sec":"Público","tipo":"Minorista","pu":24,"ei":"Muy Bajo","em":"Bajo","di":"Medio","dm":"Muy Alto","dd":"Alto","ds":"No","niv":1},"geometry":{"type":"Point","coordinates":[-69.16983,-14.25749]}},{"type":"Feature","properties":{"id":"4000","n":"","dep":"SAN MARTIN","prov":"EL DORADO","dist":"SAN MARTIN","sec":"Público","tipo":"Minorista","pu":30,"ei":"Bajo","em":"Bajo","di":"Bajo","dm":"Muy Alto","dd":"Alto","ds":"Sí","niv":1},"geometry":{"type":"Point","coordinates":[-76.74166,-6.51492]}},{"type":"Feature","properties":{"id":"4062","n":"","dep":"SAN MARTIN","prov":"HUALLAGA","dist":"SAPOSOA","sec":"Público","tipo":"Minorista","pu":67,"ei":"Alto","em":"Muy Bajo","di":"Alto","dm":"Muy Alto","dd":"Medio","ds":"No","niv":2},"geometry":{"type":"Point","coordinates":[-76.77186,-6.93274]}},{"type":"Feature","properties":{"id":"4007","n":"","dep":"SAN MARTIN","prov":"LAMAS","dist":"LAMAS","sec":"Público","tipo":"Minorista","pu":138,"ei":"Bajo","em":"Bajo","di":"Bajo","dm":"Muy Alto","dd":"Medio","ds":"No","niv":1},"geometry":{"type":"Point","coordinates":[-76.51751,-6.42224]}},{"type":"Feature","properties":{"id":"4012","n":"","dep":"SAN MARTIN","prov":"LAMAS","dist":"TABALOSOS","sec":"Público","tipo":"Minorista","pu":24,"ei":"Bajo","em":"Bajo","di":"Bajo","dm":"Muy Alto","dd":"Medio","ds":"Sí","niv":1},"geometry":{"type":"Point","coordinates":[-76.63412,-6.38798]}},{"type":"Feature","properties":{"id":"4069","n":"MERCADO NUMERO 03 O POMARROSA","dep":"SAN MARTIN","prov":"MARISCAL CACERES","dist":"JUANJUI","sec":"Público","tipo":"Minorista","pu":116,"ei":"Alto","em":"Bajo","di":"Medio","dm":"Muy Alto","dd":"Alto","ds":"Sí","niv":3},"geometry":{"type":"Point","coordinates":[-76.72519,-7.18216]}},{"type":"Feature","properties":{"id":"4068","n":"MERCADO NUMERO 02","dep":"SAN MARTIN","prov":"MARISCAL CACERES","dist":"JUANJUI","sec":"Público","tipo":"Minorista","pu":117,"ei":"Alto","em":"Bajo","di":"Medio","dm":"Muy Alto","dd":"Alto","ds":"Sí","niv":3},"geometry":{"type":"Point","coordinates":[-76.72588,-7.18195]}},{"type":"Feature","properties":{"id":"4067","n":"MERCADO NUMERO 01","dep":"SAN MARTIN","prov":"MARISCAL CACERES","dist":"JUANJUI","sec":"Público","tipo":"Minorista","pu":92,"ei":"Alto","em":"Bajo","di":"Medio","dm":"Muy Alto","dd":"Alto","ds":"Sí","niv":3},"geometry":{"type":"Point","coordinates":[-76.72585,-7.1815]}},{"type":"Feature","properties":{"id":"4016","n":"","dep":"SAN MARTIN","prov":"MOYOBAMBA","dist":"JEPELACIO","sec":"Público","tipo":"Minorista","pu":15,"ei":"Bajo","em":"Bajo","di":"Alto","dm":"Muy Alto","dd":"Medio","ds":"Sí","niv":1},"geometry":{"type":"Point","coordinates":[-76.91741,-6.10693]}},{"type":"Feature","properties":{"id":"4023","n":"","dep":"SAN MARTIN","prov":"MOYOBAMBA","dist":"SORITOR","sec":"Privado","tipo":"Mixto","pu":180,"ei":"Medio","em":"Bajo","di":"Alto","dm":"Muy Alto","dd":"Medio","ds":"No","niv":1},"geometry":{"type":"Point","coordinates":[-77.10069,-6.13947]}},{"type":"Feature","properties":{"id":"4078","n":"","dep":"SAN MARTIN","prov":"PICOTA","dist":"SAN HILARION","sec":"Público","tipo":"Minorista","pu":4,"ei":"Alto","em":"Muy Bajo","di":"Muy Alto","dm":"Medio","dd":"Medio","ds":"Sí","niv":3},"geometry":{"type":"Point","coordinates":[-76.44107,-7.00498]}},{"type":"Feature","properties":{"id":"4031","n":"","dep":"SAN MARTIN","prov":"RIOJA","dist":"PARDO MIGUEL","sec":"Público","tipo":"Minorista","pu":320,"ei":"Alto","em":"Bajo","di":"Medio","dm":"Muy Alto","dd":"Medio","ds":"No","niv":2},"geometry":{"type":"Point","coordinates":[-77.5042,-5.73752]}},{"type":"Feature","properties":{"id":"4094","n":"","dep":"SAN MARTIN","prov":"SAN MARTIN","dist":"CHAZUTA","sec":"Público","tipo":"Minorista","pu":15,"ei":"Bajo","em":"Bajo","di":"Medio","dm":"Muy Alto","dd":"Medio","ds":"Sí","niv":1},"geometry":{"type":"Point","coordinates":[-76.13794,-6.57233]}},{"type":"Feature","properties":{"id":"4082","n":"MERCADO MUNICIPAL DE LA BANDA DE SHILCAYO","dep":"SAN MARTIN","prov":"SAN MARTIN","dist":"LA BANDA DE SHILCAYO","sec":"Público","tipo":"Minorista","pu":94,"ei":"Bajo","em":"Bajo","di":"Medio","dm":"Muy Alto","dd":"Medio","ds":"No","niv":1},"geometry":{"type":"Point","coordinates":[-76.3517,-6.49271]}},{"type":"Feature","properties":{"id":"4106","n":"","dep":"SAN MARTIN","prov":"TOCACHE","dist":"TOCACHE","sec":"Público","tipo":"Minorista","pu":377,"ei":"Alto","em":"Bajo","di":"Muy Alto","dm":"Alto","dd":"Alto","ds":"No","niv":2},"geometry":{"type":"Point","coordinates":[-76.51209,-8.19145]}},{"type":"Feature","properties":{"id":"4106-A","n":"","dep":"SAN MARTIN","prov":"TOCACHE","dist":"TOCACHE","sec":"Privado","tipo":"Minorista","pu":61,"ei":"Alto","em":"Bajo","di":"Muy Alto","dm":"Alto","dd":"Alto","ds":"No","niv":2},"geometry":{"type":"Point","coordinates":[-76.51804,-8.18601]}},{"type":"Feature","properties":{"id":"4110-A","n":"","dep":"TACNA","prov":"CANDARAVE","dist":"CANDARAVE","sec":"Público","tipo":"Minorista","pu":24,"ei":"Bajo","em":"Muy Alto","di":"Medio","dm":"Muy Alto","dd":"Alto","ds":"Sí","niv":3},"geometry":{"type":"Point","coordinates":[-70.25116,-17.26879]}},{"type":"Feature","properties":{"id":"4114","n":"","dep":"TACNA","prov":"JORGE BASADRE","dist":"ILABAYA","sec":"Público","tipo":"Minorista","pu":12,"ei":"Alto","em":"Muy Alto","di":"Medio","dm":"Muy Alto","dd":"Alto","ds":"Sí","niv":3},"geometry":{"type":"Point","coordinates":[-70.51334,-17.421]}},{"type":"Feature","properties":{"id":"4114-A","n":"","dep":"TACNA","prov":"JORGE BASADRE","dist":"ILABAYA","sec":"Público","tipo":"Minorista","pu":12,"ei":"Alto","em":"Muy Alto","di":"Medio","dm":"Muy Alto","dd":"Alto","ds":"Sí","niv":3},"geometry":{"type":"Point","coordinates":[-70.54856,-17.47931]}},{"type":"Feature","properties":{"id":"4115","n":"","dep":"TACNA","prov":"JORGE BASADRE","dist":"ITE","sec":"Público","tipo":"Minorista","pu":12,"ei":"Medio","em":"Alto","di":"Medio","dm":"Alto","dd":"Muy Alto","ds":"No","niv":2},"geometry":{"type":"Point","coordinates":[-70.57556,-17.52417]}},{"type":"Feature","properties":{"id":"4126","n":"MERCADO SANTA ROSA","dep":"TACNA","prov":"TACNA","dist":"CORONEL GREGORIO ALBARRACIN LANCHIPA","sec":"Público","tipo":"Minorista","pu":355,"ei":"Muy Alto","em":"Bajo","di":"Muy Alto","dm":"Alto","dd":"Alto","ds":"Sí","niv":3},"geometry":{"type":"Point","coordinates":[-70.25634,-18.04578]}},{"type":"Feature","properties":{"id":"4125","n":"MERCADO HEROES DEL CENEPA","dep":"TACNA","prov":"TACNA","dist":"CORONEL GREGORIO ALBARRACIN LANCHIPA","sec":"Privado","tipo":"Minorista","pu":331,"ei":"Muy Alto","em":"Medio","di":"Muy Alto","dm":"Alto","dd":"Alto","ds":"Sí","niv":3},"geometry":{"type":"Point","coordinates":[-70.25133,-18.03294]}},{"type":"Feature","properties":{"id":"4127","n":"CENTRO COMERCIAL UNION NUEVA TACNA","dep":"TACNA","prov":"TACNA","dist":"CORONEL GREGORIO ALBARRACIN LANCHIPA","sec":"Privado","tipo":"Minorista","pu":102,"ei":"Muy Alto","em":"Medio","di":"Muy Alto","dm":"Alto","dd":"Alto","ds":"Sí","niv":3},"geometry":{"type":"Point","coordinates":[-70.25473,-18.0527]}},{"type":"Feature","properties":{"id":"4126-B","n":"CENTRO COMERCIAL SEÑOR DE LOS MILAGROS","dep":"TACNA","prov":"TACNA","dist":"CORONEL GREGORIO ALBARRACIN LANCHIPA","sec":"Privado","tipo":"Minorista","pu":104,"ei":"Muy Alto","em":"Bajo","di":"Muy Alto","dm":"Alto","dd":"Alto","ds":"Sí","niv":3},"geometry":{"type":"Point","coordinates":[-70.2509,-18.04592]}},{"type":"Feature","properties":{"id":"4127-B","n":"ASOCIACION  DE ADJUDICADORES DE PROGRAMA MUNICIPAL","dep":"TACNA","prov":"TACNA","dist":"CORONEL GREGORIO ALBARRACIN LANCHIPA","sec":"Privado","tipo":"Minorista","pu":73,"ei":"Muy Alto","em":"Medio","di":"Muy Alto","dm":"Alto","dd":"Alto","ds":"Sí","niv":3},"geometry":{"type":"Point","coordinates":[-70.24361,-18.05608]}},{"type":"Feature","properties":{"id":"4125-A","n":"CENTRO COMERCIAL  SIGLO XXI","dep":"TACNA","prov":"TACNA","dist":"CORONEL GREGORIO ALBARRACIN LANCHIPA","sec":"Privado","tipo":"Minorista","pu":146,"ei":"Muy Alto","em":"Bajo","di":"Muy Alto","dm":"Alto","dd":"Alto","ds":"Sí","niv":3},"geometry":{"type":"Point","coordinates":[-70.24692,-18.04053]}},{"type":"Feature","properties":{"id":"4127-A","n":"ASOCIACION DE COMERCIANTES MINORISTAS DEL MERCADO ZONAL VISTA ALEGRE","dep":"TACNA","prov":"TACNA","dist":"CORONEL GREGORIO ALBARRACIN LANCHIPA","sec":"Privado","tipo":"Minorista","pu":203,"ei":"Muy Alto","em":"Bajo","di":"Muy Alto","dm":"Alto","dd":"Alto","ds":"Sí","niv":3},"geometry":{"type":"Point","coordinates":[-70.24855,-18.05532]}},{"type":"Feature","properties":{"id":"4126-A","n":"CENTRO COMERCIAL SAN FRANCISCO","dep":"TACNA","prov":"TACNA","dist":"CORONEL GREGORIO ALBARRACIN LANCHIPA","sec":"Privado","tipo":"Minorista","pu":416,"ei":"Muy Alto","em":"Bajo","di":"Muy Alto","dm":"Alto","dd":"Alto","ds":"Sí","niv":3},"geometry":{"type":"Point","coordinates":[-70.25316,-18.04498]}},{"type":"Feature","properties":{"id":"4137-A","n":"","dep":"TACNA","prov":"TACNA","dist":"SAMA","sec":"Público","tipo":"Minorista","pu":20,"ei":"Alto","em":"Medio","di":"Alto","dm":"Alto","dd":"Muy Alto","ds":"No","niv":2},"geometry":{"type":"Point","coordinates":[-70.53348,-17.8349]}},{"type":"Feature","properties":{"id":"4138","n":"","dep":"TACNA","prov":"TACNA","dist":"SAMA","sec":"Público","tipo":"Minorista","pu":15,"ei":"Alto","em":"Bajo","di":"Alto","dm":"Alto","dd":"Muy Alto","ds":"No","niv":2},"geometry":{"type":"Point","coordinates":[-70.72755,-18.11635]}},{"type":"Feature","properties":{"id":"4137","n":"","dep":"TACNA","prov":"TACNA","dist":"SAMA","sec":"Público","tipo":"Minorista","pu":49,"ei":"Alto","em":"Medio","di":"Alto","dm":"Alto","dd":"Muy Alto","ds":"No","niv":2},"geometry":{"type":"Point","coordinates":[-70.56146,-17.86423]}},{"type":"Feature","properties":{"id":"4139","n":"","dep":"TACNA","prov":"TACNA","dist":"SAMA","sec":"Privado","tipo":"Minorista","pu":72,"ei":"Alto","em":"Medio","di":"Alto","dm":"Alto","dd":"Muy Alto","ds":"No","niv":2},"geometry":{"type":"Point","coordinates":[-70.67822,-18.15861]}},{"type":"Feature","properties":{"id":"4167","n":"","dep":"TUMBES","prov":"CONTRALMIRANTE VILLAR","dist":"CANOAS DE PUNTA SAL","sec":"Público","tipo":"Minorista","pu":30,"ei":"Alto","em":"Bajo","di":"Medio","dm":"Muy Alto","dd":"Bajo","ds":"Sí","niv":3},"geometry":{"type":"Point","coordinates":[-77.03676,-12.06595]}},{"type":"Feature","properties":{"id":"4169","n":"","dep":"TUMBES","prov":"CONTRALMIRANTE VILLAR","dist":"ZORRITOS","sec":"Público","tipo":"Mixto","pu":94,"ei":"Alto","em":"Muy Alto","di":"Medio","dm":"Muy Alto","dd":"Bajo","ds":"Sí","niv":3},"geometry":{"type":"Point","coordinates":[-80.67761,-3.68111]}},{"type":"Feature","properties":{"id":"4171","n":"","dep":"TUMBES","prov":"TUMBES","dist":"CORRALES","sec":"Público","tipo":"Minorista","pu":55,"ei":"Alto","em":"Medio","di":"Muy Alto","dm":"Medio","dd":"Medio","ds":"Sí","niv":3},"geometry":{"type":"Point","coordinates":[-80.48068,-3.60247]}},{"type":"Feature","properties":{"id":"4172","n":"","dep":"TUMBES","prov":"TUMBES","dist":"LA CRUZ","sec":"Público","tipo":"Minorista","pu":32,"ei":"Alto","em":"Muy Alto","di":"Bajo","dm":"Muy Alto","dd":"Bajo","ds":"Sí","niv":3},"geometry":{"type":"Point","coordinates":[-80.59125,-3.63702]}},{"type":"Feature","properties":{"id":"4173","n":"","dep":"TUMBES","prov":"TUMBES","dist":"PAMPAS DE HOSPITAL","sec":"Público","tipo":"Minorista","pu":12,"ei":"Muy Alto","em":"Medio","di":"Alto","dm":"Muy Alto","dd":"Bajo","ds":"Sí","niv":3},"geometry":{"type":"Point","coordinates":[-80.43911,-3.69442]}},{"type":"Feature","properties":{"id":"4178","n":"MERCADO 8 DE SETIEMBRE","dep":"TUMBES","prov":"TUMBES","dist":"TUMBES","sec":"Privado","tipo":"Mixto","pu":530,"ei":"Muy Alto","em":"Medio","di":"Muy Alto","dm":"Medio","dd":"Bajo","ds":"Sí","niv":3},"geometry":{"type":"Point","coordinates":[-80.42676,-3.56243]}},{"type":"Feature","properties":{"id":"4177","n":"MERCADILLO DE LAS MERCEDES","dep":"TUMBES","prov":"TUMBES","dist":"TUMBES","sec":"Público","tipo":"Minorista","pu":80,"ei":"Alto","em":"Medio","di":"Muy Alto","dm":"Medio","dd":"Bajo","ds":"Sí","niv":3},"geometry":{"type":"Point","coordinates":[-80.45188,-3.57564]}},{"type":"Feature","properties":{"id":"4176","n":"MERCADO MODELO Y ANEXOS DE TUMBES AMMAT","dep":"TUMBES","prov":"TUMBES","dist":"TUMBES","sec":"Público","tipo":"Minorista","pu":128,"ei":"Alto","em":"Medio","di":"Muy Alto","dm":"Medio","dd":"Bajo","ds":"Sí","niv":3},"geometry":{"type":"Point","coordinates":[-80.45553,-3.57048]}},{"type":"Feature","properties":{"id":"4179","n":"MERCADO DE ABASTOS DE AGUAS VERDES","dep":"TUMBES","prov":"ZARUMILLA","dist":"AGUAS VERDES","sec":"Público","tipo":"Mixto","pu":94,"ei":"Muy Alto","em":"Medio","di":"Muy Alto","dm":"Bajo","dd":"Medio","ds":"Sí","niv":3},"geometry":{"type":"Point","coordinates":[-80.24581,-3.48291]}},{"type":"Feature","properties":{"id":"4183","n":"","dep":"UCAYALI","prov":"ATALAYA","dist":"RAYMONDI","sec":"Público","tipo":"Minorista","pu":60,"ei":"Alto","em":"Bajo","di":"Muy Alto","dm":"Alto","dd":"Muy Alto","ds":"No","niv":2},"geometry":{"type":"Point","coordinates":[-73.75458,-10.72698]}},{"type":"Feature","properties":{"id":"4184","n":"","dep":"UCAYALI","prov":"ATALAYA","dist":"RAYMONDI","sec":"Público","tipo":"Minorista","pu":40,"ei":"Alto","em":"Bajo","di":"Muy Alto","dm":"Alto","dd":"Muy Alto","ds":"No","niv":2},"geometry":{"type":"Point","coordinates":[-73.75285,-10.73162]}},{"type":"Feature","properties":{"id":"4186","n":"","dep":"UCAYALI","prov":"ATALAYA","dist":"TAHUANIA","sec":"Público","tipo":"Minorista","pu":40,"ei":"Alto","em":"Muy Bajo","di":"Muy Alto","dm":"Bajo","dd":"Alto","ds":"No","niv":2},"geometry":{"type":"Point","coordinates":[-73.95635,-10.03151]}},{"type":"Feature","properties":{"id":"4189-A","n":"MERCADO MINORISTA","dep":"UCAYALI","prov":"CORONEL PORTILLO","dist":"CALLERIA","sec":"Privado","tipo":"Minorista","pu":14,"ei":"Bajo","em":"Bajo","di":"Muy Alto","dm":"Bajo","dd":"Medio","ds":"Sí","niv":1},"geometry":{"type":"Point","coordinates":[-74.57921,-8.40238]}},{"type":"Feature","properties":{"id":"4189","n":"MERCADO MICAELA BASTIDAS","dep":"UCAYALI","prov":"CORONEL PORTILLO","dist":"CALLERIA","sec":"Público","tipo":"Minorista","pu":660,"ei":"Bajo","em":"Bajo","di":"Muy Alto","dm":"Bajo","dd":"Medio","ds":"Sí","niv":1},"geometry":{"type":"Point","coordinates":[-74.55159,-8.38596]}},{"type":"Feature","properties":{"id":"4192","n":"MERCADO N° 2","dep":"UCAYALI","prov":"CORONEL PORTILLO","dist":"CALLERIA","sec":"Privado","tipo":"Minorista","pu":200,"ei":"Bajo","em":"Bajo","di":"Muy Alto","dm":"Bajo","dd":"Medio","ds":"Sí","niv":1},"geometry":{"type":"Point","coordinates":[-74.53382,-8.38459]}},{"type":"Feature","properties":{"id":"4191","n":"MERCADO N° 1","dep":"UCAYALI","prov":"CORONEL PORTILLO","dist":"CALLERIA","sec":"Público","tipo":"Minorista","pu":280,"ei":"Bajo","em":"Bajo","di":"Muy Alto","dm":"Bajo","dd":"Medio","ds":"Sí","niv":1},"geometry":{"type":"Point","coordinates":[-74.52798,-8.38537]}},{"type":"Feature","properties":{"id":"4189-C","n":"MERCADO MAYORISTA REGIONAL","dep":"UCAYALI","prov":"CORONEL PORTILLO","dist":"CALLERIA","sec":"Privado","tipo":"Minorista","pu":310,"ei":"Bajo","em":"Bajo","di":"Muy Alto","dm":"Bajo","dd":"Medio","ds":"Sí","niv":1},"geometry":{"type":"Point","coordinates":[-74.57745,-8.40478]}},{"type":"Feature","properties":{"id":"4189-B","n":"MERCADO DE PRODUCTORES MAYORISTA","dep":"UCAYALI","prov":"CORONEL PORTILLO","dist":"CALLERIA","sec":"Público","tipo":"Minorista","pu":1458,"ei":"Bajo","em":"Bajo","di":"Muy Alto","dm":"Bajo","dd":"Medio","ds":"Sí","niv":1},"geometry":{"type":"Point","coordinates":[-74.57764,-8.40373]}},{"type":"Feature","properties":{"id":"4190","n":"MERCADO LA HOYADA","dep":"UCAYALI","prov":"CORONEL PORTILLO","dist":"CALLERIA","sec":"Privado","tipo":"Mayorista","pu":91,"ei":"Alto","em":"Bajo","di":"Muy Alto","dm":"Bajo","dd":"Medio","ds":"Sí","niv":3},"geometry":{"type":"Point","coordinates":[-74.53054,-8.37093]}},{"type":"Feature","properties":{"id":"4190-A","n":"MERCADO LA HOYADA","dep":"UCAYALI","prov":"CORONEL PORTILLO","dist":"CALLERIA","sec":"Privado","tipo":"Mayorista","pu":179,"ei":"Alto","em":"Bajo","di":"Muy Alto","dm":"Bajo","dd":"Medio","ds":"Sí","niv":3},"geometry":{"type":"Point","coordinates":[-74.53104,-8.37166]}},{"type":"Feature","properties":{"id":"4188","n":"MERCADO DE LOS HERMANOS","dep":"UCAYALI","prov":"CORONEL PORTILLO","dist":"CALLERIA","sec":"Privado","tipo":"Minorista","pu":35,"ei":"Alto","em":"Bajo","di":"Muy Alto","dm":"Bajo","dd":"Medio","ds":"Sí","niv":3},"geometry":{"type":"Point","coordinates":[-74.54781,-8.37636]}},{"type":"Feature","properties":{"id":"4194","n":"","dep":"UCAYALI","prov":"CORONEL PORTILLO","dist":"IPARIA","sec":"Público","tipo":"Minorista","pu":33,"ei":"Alto","em":"Bajo","di":"Muy Alto","dm":"Medio","dd":"Alto","ds":"Sí","niv":3},"geometry":{"type":"Point","coordinates":[-74.43464,-9.30619]}},{"type":"Feature","properties":{"id":"4197","n":"","dep":"UCAYALI","prov":"CORONEL PORTILLO","dist":"NUEVA REQUENA","sec":"Público","tipo":"Minorista","pu":25,"ei":"Alto","em":"Muy Bajo","di":"Muy Alto","dm":"Bajo","dd":"Alto","ds":"No","niv":2},"geometry":{"type":"Point","coordinates":[-74.86347,-8.31131]}},{"type":"Feature","properties":{"id":"4198","n":"MERCADO DE YARINA","dep":"UCAYALI","prov":"CORONEL PORTILLO","dist":"YARINACOCHA","sec":"Público","tipo":"Mixto","pu":180,"ei":"Alto","em":"Bajo","di":"Muy Alto","dm":"Bajo","dd":"Alto","ds":"Sí","niv":3},"geometry":{"type":"Point","coordinates":[-74.57582,-8.35282]}},{"type":"Feature","properties":{"id":"4201","n":"","dep":"UCAYALI","prov":"PADRE ABAD","dist":"CURIMANA","sec":"Público","tipo":"Mixto","pu":65,"ei":"Alto","em":"Muy Bajo","di":"Muy Alto","dm":"Bajo","dd":"Alto","ds":"No","niv":2},"geometry":{"type":"Point","coordinates":[-75.15909,-8.43748]}},{"type":"Feature","properties":{"id":"4202","n":"","dep":"UCAYALI","prov":"PADRE ABAD","dist":"IRAZOLA","sec":"Público","tipo":"Minorista","pu":33,"ei":"Bajo","em":"Bajo","di":"Muy Alto","dm":"Bajo","dd":"Alto","ds":"No","niv":1},"geometry":{"type":"Point","coordinates":[-75.2173,-8.83]}},{"type":"Feature","properties":{"id":"4203","n":"","dep":"UCAYALI","prov":"PADRE ABAD","dist":"NESHUYA","sec":"Público","tipo":"Minorista","pu":42,"ei":"Bajo","em":"Bajo","di":"Alto","dm":"Bajo","dd":"Muy Alto","ds":"No","niv":1},"geometry":{"type":"Point","coordinates":[-74.96391,-8.63922]}},{"type":"Feature","properties":{"id":"4204","n":"","dep":"UCAYALI","prov":"PADRE ABAD","dist":"PADRE ABAD","sec":"Público","tipo":"Minorista","pu":50,"ei":"Bajo","em":"Muy Bajo","di":"Muy Alto","dm":"Alto","dd":"Alto","ds":"No","niv":1},"geometry":{"type":"Point","coordinates":[-75.50879,-9.03699]}},{"type":"Feature","properties":{"id":"4204-A","n":"","dep":"UCAYALI","prov":"PADRE ABAD","dist":"PADRE ABAD","sec":"Público","tipo":"Minorista","pu":130,"ei":"Bajo","em":"Bajo","di":"Muy Alto","dm":"Alto","dd":"Alto","ds":"No","niv":1},"geometry":{"type":"Point","coordinates":[-75.50827,-9.03585]}},{"type":"Feature","properties":{"id":"4205","n":"","dep":"UCAYALI","prov":"PADRE ABAD","dist":"PADRE ABAD","sec":"Público","tipo":"Minorista","pu":3,"ei":"Bajo","em":"Bajo","di":"Muy Alto","dm":"Alto","dd":"Alto","ds":"No","niv":1},"geometry":{"type":"Point","coordinates":[-75.51567,-9.05178]}},{"type":"Feature","properties":{"id":"4206","n":"","dep":"UCAYALI","prov":"PADRE ABAD","dist":"PADRE ABAD","sec":"Sin clasificar","tipo":"Minorista","pu":20,"ei":"Bajo","em":"Bajo","di":"Muy Alto","dm":"Alto","dd":"Alto","ds":"No","niv":1},"geometry":{"type":"Point","coordinates":[-75.44626,-8.9771]}},{"type":"Feature","properties":{"id":"Q001","n":"MERCADO MUNICIPAL DE QUICHES","dep":"ÁNCASH","prov":"SIHUAS","dist":"QUICHES","sec":"","tipo":"","di":"Bajo","dm":"Muy Alto","dd":"Alto","ds":"Sí","niv":1},"geometry":{"type":"Point","coordinates":[-77.49081,-8.39503]}}]}